key,chromosome,cp26,cp32-1,cp32-10,cp32-11,cp32-12,cp32-13,cp32-2,cp32-3,cp32-3+10,cp32-4,cp32-5,cp32-6,cp32-7,cp32-8,cp32-9,cp9,cp9-3,lp17,lp21,lp25,lp28-1,lp28-11,lp28-2,lp28-3,lp28-4,lp28-5,lp28-6,lp28-7,lp28-8,lp28-9,lp36,lp38,lp5,lp54,lp56,Sum
ESI26,1,1,1,0,0,1,0,0,0,1,0,1,1,0,1,1,0,0,1,0,0,0,0,1,1,0,0,0,1,0,1,1,0,0,1,0,16
ESI26H,1,1,1,0,0,0,0,0,0,1,0,1,1,0,0,1,0,0,1,0,0,0,0,0,1,1,0,0,0,0,1,1,0,0,1,0,13
UCT109,1,1,0,0,1,0,0,1,1,0,1,1,1,1,0,1,0,0,1,0,1,1,0,1,1,1,0,0,0,0,0,1,1,0,1,1,20
UCT109H,1,1,0,1,0,0,0,0,1,0,1,1,1,1,0,1,0,0,1,0,1,1,0,1,1,0,0,0,0,0,0,1,1,0,1,0,17
UCT110,1,1,0,0,1,0,0,1,1,0,1,1,1,1,1,1,0,0,1,0,1,1,0,0,1,1,1,1,0,0,0,1,1,0,1,0,21
UCT110H,1,1,0,0,1,1,0,1,1,0,0,1,1,1,1,1,0,0,1,1,1,1,0,0,1,1,1,1,0,0,0,0,1,0,1,0,21
UCT113,1,1,1,0,1,0,0,0,1,0,1,0,1,1,1,1,0,0,1,1,1,1,0,0,1,1,1,1,0,0,0,1,1,0,1,0,21
UCT113H,1,1,0,0,1,0,0,0,0,0,1,0,0,1,0,0,0,0,1,0,1,1,0,0,1,1,1,1,0,0,0,1,1,0,1,0,15
UCT29,1,1,1,0,1,1,0,1,1,0,1,0,1,1,0,1,0,1,1,1,1,1,0,1,1,1,0,0,0,0,0,1,1,0,1,1,23
UCT29H,1,1,1,1,1,0,0,0,1,0,1,1,1,1,0,1,1,0,1,1,1,1,0,1,1,1,0,0,0,0,0,0,1,0,1,0,21
UCT30,1,1,0,0,1,1,0,1,1,0,0,1,1,1,0,1,0,1,1,1,1,1,0,0,1,1,1,1,0,0,0,0,1,0,1,0,21
UCT30H,1,1,0,0,1,1,0,1,1,0,0,1,1,1,0,1,0,0,1,1,0,0,0,0,1,1,1,1,0,0,0,1,1,0,1,0,19
UCT31,1,1,1,0,1,1,0,1,1,0,1,1,1,1,1,1,1,1,1,1,1,1,0,1,1,1,0,0,0,0,0,1,0,0,1,1,25
UCT31H,1,1,1,1,1,0,0,0,1,0,1,1,1,1,0,1,1,0,1,1,1,1,0,1,1,1,0,0,0,0,0,1,0,0,1,0,21
UCT32,1,1,0,0,1,1,0,1,1,0,0,1,1,1,1,1,0,0,1,1,1,1,0,1,1,1,1,1,0,0,0,1,1,0,1,0,23
UCT32H,1,1,0,0,1,1,0,1,1,0,0,1,1,1,1,1,0,0,1,0,1,1,0,0,1,1,1,1,0,0,0,0,1,0,1,0,20
UCT35,1,1,0,1,1,1,0,0,1,0,1,1,1,1,0,0,1,0,1,0,1,1,1,0,1,1,0,0,0,1,0,1,0,1,1,0,21
UCT35H,1,1,0,1,0,1,1,0,1,0,1,1,0,0,0,0,1,0,1,0,0,1,0,0,0,1,0,0,0,1,0,0,0,1,1,0,15
UCT50,1,1,0,1,1,1,0,0,0,0,1,1,0,1,0,1,1,0,1,0,1,0,0,0,0,1,0,0,0,0,0,1,1,0,1,0,16
UCT50H,1,1,0,1,0,1,0,0,0,0,1,1,0,1,0,1,1,0,1,0,1,0,0,0,0,1,0,0,0,0,0,1,1,0,1,0,15
UCT92,1,1,0,0,1,1,0,1,1,0,0,1,1,0,1,1,0,1,1,1,1,1,1,1,1,1,1,1,0,0,0,1,1,0,1,0,24
UCT92H,1,1,1,0,1,1,0,1,1,0,0,1,1,1,1,1,0,0,1,0,0,1,0,0,1,1,1,1,0,0,0,1,1,0,1,0,21
UCT96,1,1,1,0,0,0,0,0,0,0,0,0,0,0,1,1,0,0,1,0,1,1,0,1,1,1,1,0,0,0,0,1,1,0,1,0,15
UCT96H,1,1,1,0,1,0,0,0,1,0,1,0,1,1,1,1,0,0,1,0,1,1,0,1,1,1,1,0,0,0,0,1,1,0,1,0,20
UNY149,1,1,0,0,1,1,0,1,1,0,0,1,1,1,1,1,0,0,0,1,1,1,0,0,1,1,1,1,0,0,0,1,1,0,1,0,21
UNY149P,1,1,0,0,1,0,0,1,1,0,0,1,1,1,0,1,0,0,1,0,1,1,0,0,1,1,1,1,0,0,0,1,1,0,1,0,19
UNY169,1,1,0,1,0,1,0,0,0,0,1,1,0,1,0,1,1,0,1,0,1,0,0,1,1,1,0,0,0,0,0,1,1,0,1,0,17
UNY169P,1,1,0,1,0,1,0,0,0,0,1,1,0,1,0,1,1,0,1,0,1,0,0,1,1,1,0,0,0,0,0,1,1,0,1,0,17
UNY172,1,1,0,0,0,1,0,0,1,0,1,1,1,1,1,1,0,0,1,0,1,0,0,1,1,1,0,0,0,0,0,1,1,0,1,0,18
UNY172P,1,1,0,0,0,1,0,0,1,0,1,1,0,1,0,1,0,0,1,0,1,0,0,1,1,1,0,0,0,0,0,1,1,0,1,0,16
UNY193,1,1,0,0,0,1,1,0,1,0,1,1,1,1,0,1,1,1,1,1,1,1,0,1,1,1,1,1,1,1,0,1,1,0,1,1,27
UNY193P,1,1,0,1,0,1,1,0,0,0,0,0,1,1,0,0,1,0,1,0,1,0,0,1,1,1,0,1,1,1,0,1,0,1,1,0,19
UNY203,1,1,0,1,1,1,1,0,1,0,1,1,1,1,0,0,1,0,1,0,1,1,1,0,1,1,0,1,0,1,0,1,1,1,1,0,24
UNY203P,1,1,0,1,0,1,0,0,0,0,1,1,1,1,0,0,1,0,1,0,0,1,0,0,1,0,0,1,0,1,0,1,0,1,1,0,17
UNY208,1,1,1,0,1,1,0,0,1,0,1,1,0,1,1,0,0,0,1,0,1,1,0,0,1,1,0,1,0,0,0,1,0,0,1,0,18
UNY208P,1,1,1,0,1,1,0,0,1,0,1,1,0,1,1,0,0,0,1,0,1,1,0,0,1,1,0,1,0,0,0,1,0,0,1,0,18
URI101,1,1,0,0,1,0,0,1,1,0,1,1,1,0,0,1,0,1,1,1,1,1,0,1,1,1,1,0,0,0,0,1,1,0,1,1,22
URI101H,1,1,0,1,1,0,0,0,1,0,1,1,1,1,0,1,0,0,1,1,1,1,0,1,1,1,1,0,0,0,0,1,1,0,1,0,21
URI102,1,1,0,0,1,0,0,1,1,0,1,1,0,1,0,1,0,0,1,0,1,1,0,1,1,1,0,0,0,0,0,1,1,0,1,1,19
URI102H,1,1,0,1,0,0,0,0,1,0,1,1,0,1,0,1,0,0,1,0,1,1,0,1,1,0,0,0,0,0,0,1,1,0,1,1,17
URI103,1,1,0,0,1,1,0,1,1,0,0,1,1,0,0,1,0,0,1,1,1,1,0,1,1,1,1,1,0,0,0,1,1,0,1,0,21
URI103H,1,1,0,0,1,1,0,1,1,0,0,1,1,1,0,1,0,0,1,0,1,1,0,0,1,1,0,1,0,0,0,0,1,0,1,0,18
URI107,1,1,0,0,1,0,0,1,1,0,1,1,1,1,0,1,0,0,1,0,1,1,0,1,1,1,0,0,0,0,0,1,1,0,1,1,20
URI107H,1,1,0,1,1,0,0,0,1,0,1,1,1,1,0,1,0,0,1,0,1,1,0,1,1,1,0,0,0,0,0,1,1,0,1,0,19
URI111,1,1,0,0,0,1,0,1,1,0,1,1,0,1,0,1,0,1,1,1,1,1,0,1,1,1,0,0,0,0,0,1,1,0,1,1,21
URI111H,1,1,0,1,1,0,0,0,0,0,1,1,1,1,0,1,0,0,1,1,1,1,0,1,1,1,0,0,0,0,0,1,1,0,1,0,19
URI112,1,1,0,0,1,1,0,1,1,0,0,1,1,0,1,1,0,1,1,1,1,1,0,0,1,1,1,1,0,0,0,1,1,0,1,0,22
URI112H,1,1,0,0,1,1,0,1,1,0,0,1,1,1,1,1,0,0,1,1,1,1,0,0,1,1,1,1,0,0,0,0,1,0,1,0,21
URI117,1,1,0,0,0,0,0,0,0,0,0,1,1,0,0,1,0,0,1,1,1,1,0,0,1,1,1,1,0,0,0,1,1,0,1,0,16
URI117H,1,1,0,0,1,1,0,1,1,0,0,0,1,1,0,1,0,0,1,1,1,1,0,0,1,1,1,1,0,0,0,1,1,0,1,0,20
URI118,1,1,0,0,0,0,0,0,0,0,0,1,1,0,0,1,0,0,1,0,1,1,0,0,1,1,1,1,0,0,0,1,0,0,1,0,14
URI118H,1,1,0,0,1,1,0,1,1,0,0,1,1,1,0,1,0,0,1,0,0,1,0,0,1,1,1,1,0,0,0,1,0,0,1,0,18
URI120,1,1,0,0,0,0,0,0,0,0,1,0,0,0,0,0,1,1,1,1,1,1,0,1,1,1,0,0,0,0,0,1,1,0,1,1,16
URI120H,1,1,1,1,1,1,0,0,1,0,1,1,1,1,1,1,0,0,1,1,1,1,0,1,1,1,0,0,0,0,0,1,1,0,1,0,23
URI33,1,1,0,0,1,1,0,1,0,0,1,1,1,1,1,0,0,1,1,1,1,0,1,0,1,1,0,0,1,1,0,1,1,0,1,0,22
URI33H,1,1,0,1,1,0,0,0,0,0,0,1,1,0,1,0,0,0,1,1,1,0,0,0,1,1,0,0,1,1,0,1,1,0,1,0,17
URI34,1,1,0,1,0,1,1,1,0,0,1,0,1,1,1,1,1,0,1,0,0,0,0,1,1,1,1,1,1,1,0,1,0,1,1,0,23
URI34H,1,1,0,1,0,1,1,0,0,0,0,0,1,1,0,0,1,0,1,0,0,0,0,1,1,1,1,1,1,1,0,1,0,1,1,0,19
URI36,1,1,0,0,1,0,0,0,1,0,0,1,1,1,0,0,1,0,1,1,1,1,0,0,1,1,1,1,0,0,0,1,1,0,1,1,20
URI36H,1,1,0,0,1,0,0,0,1,0,1,1,1,1,1,0,1,0,1,1,1,1,0,0,1,1,0,1,0,0,0,1,1,0,1,1,21
URI39,1,1,0,0,1,0,0,1,1,0,1,1,1,0,1,1,0,1,1,1,1,1,0,1,1,1,0,0,0,0,0,1,1,0,1,1,22
URI39H,1,1,0,1,1,0,0,0,1,0,1,1,1,1,1,1,0,0,1,1,1,1,0,1,1,1,0,0,0,0,0,1,1,0,1,0,21
URI40,1,1,0,0,1,1,0,1,1,0,1,1,1,1,0,1,1,1,1,1,1,1,0,1,1,1,0,0,0,0,0,1,1,0,1,1,24
URI40H,1,1,0,1,1,0,0,0,1,0,1,1,1,1,0,1,0,1,1,0,1,1,0,1,1,1,0,0,0,0,0,1,1,0,1,1,21
URI41,1,1,0,1,1,1,0,1,1,0,1,0,0,0,0,1,0,1,1,1,1,1,0,1,1,1,0,0,0,0,0,1,0,0,1,1,20
URI41H,1,1,0,1,0,0,0,0,0,0,1,1,1,1,0,1,0,0,0,1,1,1,0,1,1,1,0,0,0,0,0,1,0,0,1,1,17
URI42,1,1,0,0,1,1,0,1,1,0,0,1,1,0,0,1,0,0,1,0,1,1,0,1,1,1,0,0,0,0,0,1,0,0,1,1,18
URI42H,1,1,0,1,1,0,0,0,1,0,1,1,1,1,0,1,0,0,1,0,1,1,0,1,1,0,0,0,0,0,0,1,0,0,1,1,18
URI44,1,1,0,0,1,0,0,1,1,0,0,1,1,0,0,1,0,0,1,1,1,1,0,0,1,1,1,1,0,0,0,1,1,0,1,0,19
URI44H,1,1,0,0,1,1,0,1,1,0,0,1,1,1,0,1,0,0,1,0,1,1,0,0,1,1,1,1,0,0,0,1,1,0,1,0,20
URI46,1,1,0,0,1,1,0,1,1,0,0,1,1,0,0,1,0,1,1,1,1,1,0,0,1,1,1,1,0,0,0,1,1,0,1,0,21
URI46H,1,1,0,0,1,1,0,1,1,0,0,1,1,1,0,1,0,0,1,0,1,1,0,0,1,1,1,1,0,0,0,0,1,0,1,0,19
URI47,1,1,0,0,1,1,0,1,1,0,0,1,1,1,1,1,1,0,1,1,1,1,0,0,1,1,1,1,0,0,0,1,1,0,1,0,23
URI47H,1,1,0,0,1,1,0,1,1,0,0,1,1,1,1,1,1,0,1,0,0,1,0,0,1,1,0,1,0,0,0,0,1,0,1,0,19
URI48,1,1,0,0,1,0,0,0,1,0,1,1,1,0,1,1,0,1,1,0,1,0,0,0,1,1,0,0,1,1,0,1,1,0,1,0,19
URI48H,1,1,0,1,1,0,0,0,0,0,0,1,1,0,1,0,0,1,1,0,1,0,0,0,1,1,0,0,1,0,0,1,1,0,1,0,16
URI56,1,1,0,0,0,0,0,0,1,0,0,1,1,1,1,0,0,1,1,1,1,1,0,0,1,1,0,1,0,0,0,1,1,0,1,1,19
URI56H,1,1,0,0,0,0,0,0,1,0,0,1,1,1,1,0,0,1,1,1,0,0,0,0,1,1,0,1,0,0,0,1,1,0,1,1,17
URI86,1,1,0,0,1,1,0,1,0,0,0,0,1,1,0,1,0,0,1,1,1,1,0,0,1,1,1,1,0,0,0,1,1,0,1,0,19
URI86H,1,1,0,0,1,1,0,1,0,0,0,1,1,1,0,1,0,0,1,0,1,1,0,0,0,1,0,1,0,0,0,1,1,0,1,0,17
URI87,1,1,1,0,1,0,0,1,1,0,1,1,1,1,0,1,0,0,1,0,1,1,0,1,1,1,0,0,0,0,0,1,1,0,1,1,21
URI87H,1,1,0,1,1,0,0,0,1,0,1,1,1,1,0,1,0,0,1,0,1,1,0,1,1,1,0,0,0,0,0,1,1,0,1,1,20
URI88,1,1,1,0,1,1,0,0,1,0,1,1,1,0,1,0,0,1,1,1,0,1,1,0,1,1,0,1,1,0,0,1,1,0,1,1,23
URI88H,1,1,1,0,1,1,0,0,1,0,1,1,1,1,1,0,0,0,1,1,0,1,1,0,1,1,0,1,1,0,0,0,1,0,1,0,21
URI89,1,1,1,0,0,1,0,0,1,0,1,0,1,1,1,1,0,1,1,1,1,1,0,1,1,1,0,0,0,0,0,1,1,0,1,1,22
URI89H,1,1,1,0,1,0,0,0,1,0,1,1,1,1,1,1,0,0,1,1,1,1,0,1,1,1,0,0,0,0,0,1,1,0,1,1,22
URI91,1,1,1,0,1,1,0,1,1,0,1,1,1,0,1,1,0,0,1,1,1,1,0,1,1,1,0,0,0,0,0,1,1,0,1,1,23
URI91H,1,1,1,1,1,0,0,0,1,0,1,1,1,1,1,1,0,0,1,1,1,1,0,1,1,1,0,0,0,0,0,1,1,0,1,0,22
URI93,1,1,0,0,1,0,0,1,1,0,1,1,0,1,0,1,0,1,1,1,1,1,0,1,1,1,0,0,0,0,0,1,1,0,1,1,21
URI93H,1,1,0,1,0,0,0,1,1,0,1,1,0,0,0,1,0,0,0,1,1,1,0,1,1,1,0,0,0,0,0,1,1,0,1,0,17
UWI247,1,1,1,0,1,1,0,1,1,0,1,0,1,1,0,0,0,0,1,0,1,1,0,0,1,1,1,0,0,0,0,1,1,0,1,0,19
UWI247P,1,1,1,0,1,0,0,0,1,0,1,0,1,1,0,0,0,0,1,0,1,1,0,0,1,1,1,0,0,0,0,1,1,0,1,0,17
UWI248,1,1,1,0,1,1,0,1,1,0,1,0,1,1,0,0,0,0,1,0,1,1,0,0,1,1,1,0,0,0,0,1,1,0,1,0,19
UWI248P,1,1,1,0,1,1,0,0,1,0,1,0,1,1,0,0,0,0,1,0,1,1,0,0,1,1,1,0,0,0,0,1,1,0,1,0,18
UWI263,1,1,1,0,1,1,0,0,1,0,0,1,1,1,0,1,1,0,1,0,1,1,0,1,1,1,1,0,0,0,0,1,1,0,1,0,21
UWI263P,1,1,0,1,1,0,0,0,1,0,0,1,1,0,1,1,1,0,1,0,1,1,0,0,1,1,1,0,0,0,0,1,1,0,1,0,19
UWI283,1,1,1,0,1,1,0,0,1,0,1,1,0,1,1,1,0,0,1,0,1,0,0,1,1,1,1,1,0,0,0,1,0,0,1,1,21
UWI283P,1,1,1,0,0,1,0,0,1,0,1,1,0,0,0,1,0,0,1,0,1,0,0,1,1,1,1,0,0,0,0,1,0,0,1,0,16
