key,chromosome,cp26,cp32-1,cp32-10,cp32-11,cp32-12,cp32-13,cp32-2,cp32-3,cp32-4,cp32-5,cp32-6,cp32-7,cp32-8,cp32-9,cp9,cp9-3,lp17,lp21,lp21-cp9,lp25,lp28-1,lp28-11,lp28-2,lp28-3,lp28-4,lp28-5,lp28-6,lp28-7,lp28-8,lp28-9,lp36,lp38,lp5,lp54,lp56,Sum
ESI26,1,1,1,1,0,1,0,0,0,0,1,1,0,1,1,0,0,1,0,0,0,0,0,1,1,0,0,0,1,0,1,1,0,0,1,0,16
UCT109,1,1,0,0,1,0,0,1,1,1,1,1,1,0,1,0,0,1,0,0,1,1,0,1,1,1,0,0,0,0,0,1,1,0,1,1,20
UCT110,1,1,0,0,1,0,0,1,1,1,1,1,1,1,1,0,0,1,0,0,1,1,0,0,1,1,1,1,0,0,0,1,1,0,1,0,21
UCT113,1,1,1,0,1,0,0,0,1,1,0,1,1,1,1,0,0,1,1,0,1,1,0,0,1,1,1,1,0,0,0,1,1,0,1,0,21
UCT29,1,1,1,0,1,1,0,0,1,1,0,1,1,0,1,0,1,1,1,0,1,1,0,1,1,1,0,0,0,0,0,1,1,0,1,1,22
UCT30,1,1,0,0,1,1,0,1,1,0,1,1,1,0,1,0,1,1,1,1,1,1,0,0,1,1,1,1,0,0,0,0,1,0,1,0,22
UCT31,1,1,1,0,1,1,0,1,1,1,1,1,1,1,1,1,1,1,1,0,1,1,0,1,1,1,0,0,0,0,0,1,0,0,1,1,25
UCT32,1,1,0,0,1,1,0,1,1,0,1,1,1,1,1,0,0,1,1,0,1,1,0,1,1,1,1,1,0,0,0,1,1,0,1,0,23
UCT35,1,1,0,1,1,1,0,0,1,1,1,1,1,0,0,1,0,1,0,0,1,1,1,0,1,1,0,0,0,0,0,1,1,1,1,0,21
UCT50,1,1,0,1,1,1,0,0,0,1,1,0,1,0,1,1,0,1,0,0,1,0,0,0,0,1,0,0,0,0,0,1,1,0,1,0,16
UCT92,1,1,0,0,1,1,0,1,1,0,1,1,0,1,1,0,1,1,1,1,1,1,1,1,1,1,1,1,0,0,0,1,1,0,1,0,25
UCT96,1,1,1,0,0,0,0,0,0,0,0,0,0,1,1,0,0,1,0,0,1,1,0,1,1,1,1,0,0,0,0,1,1,0,1,0,15
UNY149,1,1,0,0,1,1,0,1,1,1,1,1,1,1,1,0,0,0,1,0,1,1,0,0,1,1,1,1,0,0,0,1,1,0,1,0,22
UNY169,1,1,0,1,0,1,0,0,0,1,1,0,1,0,1,1,0,1,0,0,1,0,0,1,1,1,0,0,0,0,0,1,1,0,1,0,17
UNY172,1,1,0,0,0,1,0,0,1,1,1,1,1,1,1,0,0,1,0,0,1,0,0,1,1,1,0,0,0,0,0,1,1,0,1,0,18
UNY193,1,1,0,0,0,1,1,0,1,1,1,1,1,0,1,1,1,1,1,0,1,1,0,1,1,1,1,1,1,1,0,1,1,0,1,1,27
UNY203,1,1,0,1,1,1,1,0,1,1,1,1,1,0,0,1,0,1,0,0,1,1,1,0,1,1,0,1,0,1,0,1,1,1,1,0,24
UNY208,1,1,1,0,1,1,0,0,1,1,1,0,1,1,0,0,0,1,0,0,1,1,0,0,1,1,0,1,0,0,0,1,0,0,1,0,18
URI101,1,1,0,0,1,0,0,1,1,1,1,1,1,0,1,0,1,1,1,0,1,1,0,1,1,1,1,0,0,0,0,1,1,0,1,1,23
URI102,1,1,0,0,1,0,0,1,1,1,1,0,1,0,1,0,0,1,0,0,1,1,0,1,1,1,0,0,0,0,0,1,1,0,1,1,19
URI103,1,1,0,0,1,1,0,1,1,0,1,1,0,0,1,0,0,1,1,0,1,1,0,1,1,1,1,1,0,0,0,1,1,0,1,0,21
URI107,1,1,0,0,1,0,0,1,1,1,1,1,1,0,1,0,0,1,0,0,1,1,0,1,1,1,0,0,0,0,0,1,1,0,1,1,20
URI111,1,1,0,0,0,1,0,1,1,1,1,0,1,0,1,0,1,1,1,0,1,1,0,1,1,1,0,0,0,0,0,1,1,0,1,1,21
URI112,1,1,0,0,1,1,0,1,1,0,1,1,0,1,1,0,1,1,1,0,1,1,0,0,1,1,1,1,0,0,0,1,1,0,1,0,22
URI117,1,1,0,0,0,0,0,0,0,0,1,1,0,0,1,0,0,1,0,1,1,1,0,0,1,1,1,1,0,0,0,1,1,0,1,0,16
URI118,1,1,0,0,0,0,0,0,0,0,1,1,0,0,1,0,0,1,0,0,1,1,0,0,1,1,1,1,0,0,0,1,0,0,1,0,14
URI120,1,1,0,0,0,0,0,0,0,1,0,0,0,0,0,0,1,1,0,1,1,1,0,1,1,1,0,0,0,0,0,1,1,0,1,1,15
URI33,1,1,0,0,1,1,0,1,0,1,1,1,1,1,0,0,1,1,1,0,1,0,1,0,1,1,0,0,1,1,0,1,1,0,1,0,22
URI34,1,1,0,1,0,1,1,1,0,1,0,1,1,1,1,1,0,1,0,0,0,0,0,1,1,1,1,1,1,0,0,1,1,1,1,0,23
URI36,1,1,0,0,1,0,0,0,1,0,1,1,1,0,0,1,0,1,1,0,1,1,0,0,1,1,1,1,0,0,0,1,1,0,1,1,20
URI39,1,1,0,0,1,0,0,0,1,1,1,1,1,1,1,0,1,1,1,0,1,1,0,1,1,1,0,0,0,0,0,1,1,0,1,1,22
URI40,1,1,0,0,1,1,0,1,1,1,1,1,1,0,1,0,1,1,1,1,1,1,0,1,1,1,0,0,0,0,0,1,1,0,1,1,24
URI41,1,1,0,1,1,1,0,1,1,1,0,0,1,0,1,0,1,1,1,0,1,1,0,1,1,1,0,0,0,0,0,1,0,0,1,1,21
URI42,1,1,0,0,1,1,0,1,1,0,1,1,1,0,1,0,0,1,0,0,1,1,0,1,1,1,0,0,0,0,0,1,0,0,1,1,19
URI44,1,1,0,0,1,0,0,1,1,0,1,1,0,0,1,0,0,1,1,0,1,1,0,0,1,1,1,1,0,0,0,1,1,0,1,0,19
URI46,1,1,0,0,1,1,0,1,1,0,1,1,0,0,1,0,1,1,1,0,1,1,0,0,1,1,1,1,0,0,0,1,1,0,1,0,21
URI47,1,1,0,0,1,1,0,1,1,0,1,1,1,1,1,1,0,1,1,0,1,1,0,0,1,1,1,1,0,0,0,1,1,0,1,0,23
URI48,1,1,0,0,1,0,0,0,1,1,1,1,0,1,1,0,1,1,0,0,1,0,0,0,1,1,0,0,1,1,0,1,1,0,1,0,19
URI56,1,1,0,0,0,0,0,0,1,0,1,1,1,1,0,0,1,1,1,0,1,1,0,0,1,1,0,1,0,0,0,1,1,0,1,1,19
URI86,1,1,0,0,1,1,0,1,0,0,0,1,1,0,1,0,0,1,1,0,1,1,0,0,1,1,1,1,0,0,0,1,1,0,1,0,19
URI87,1,1,1,0,1,0,0,0,1,1,1,1,1,0,1,0,0,1,0,0,1,1,0,1,1,1,0,0,0,0,0,1,1,0,1,1,20
URI88,1,1,1,0,1,1,0,0,1,1,1,1,0,1,0,0,0,1,1,1,0,1,1,0,1,1,0,1,1,0,0,1,1,0,1,1,23
URI89,1,1,1,0,0,1,0,0,1,1,0,1,1,1,1,0,1,1,1,0,1,1,0,1,1,1,0,0,0,0,0,1,1,0,1,1,22
URI91,1,1,1,0,1,1,0,0,1,1,1,1,1,1,1,0,0,1,1,0,1,1,0,1,1,1,0,0,0,0,0,1,1,0,1,1,23
URI93,1,1,0,0,1,0,0,1,1,1,1,0,1,0,1,0,1,1,1,0,1,1,0,1,1,1,0,0,0,0,0,1,1,0,1,1,21
UWI247,1,1,1,0,1,1,0,1,1,1,0,1,1,0,0,0,0,1,0,0,1,1,0,0,1,1,1,0,0,0,0,1,1,0,1,0,19
UWI248,1,1,1,0,1,1,0,1,1,1,0,1,1,0,0,0,0,1,0,0,1,1,0,0,1,1,1,0,0,0,0,1,1,0,1,0,19
UWI263,1,1,1,0,1,1,0,0,1,0,1,1,1,0,1,1,0,1,0,0,1,1,0,1,1,1,1,0,0,0,0,1,1,0,1,0,21
UWI283,1,1,1,0,1,1,0,0,1,1,1,0,1,1,1,0,0,1,0,0,1,0,0,1,1,1,1,1,0,0,0,1,0,0,1,1,21
