database	reference_id	genospecies	genospecies_candidates	strain
wp	CP124100.1	burgdorferi	burgdorferi	NE_5261
wp	CP124098.1	burgdorferi	burgdorferi	NE_5261
wp	CP124097.1	burgdorferi	burgdorferi	NE_5261
wp	CP124099.1	burgdorferi	burgdorferi	NE_5261
wp	CP019844.1	burgdorferi	burgdorferi	PAli
wp	CP019851.1	burgdorferi	burgdorferi	PAli
wp	CP019845.1	burgdorferi	burgdorferi	PAli
wp	CP019846.1	burgdorferi	burgdorferi	PAli
wp	CP019847.1	burgdorferi	burgdorferi	PAli
wp	CP019848.1	burgdorferi	burgdorferi	PAli
wp	CP019849.1	burgdorferi	burgdorferi	PAli
wp	CP019850.1	burgdorferi	burgdorferi	PAli
wp	CP019852.1	burgdorferi	burgdorferi	PAli
wp	CP019853.1	burgdorferi	burgdorferi	PAli
wp	CP019854.1	burgdorferi	burgdorferi	PAli
wp	CP019855.1	burgdorferi	burgdorferi	PAli
wp	CP002312.1	burgdorferi	burgdorferi	JD1
wp	CP002316.1	burgdorferi	burgdorferi	JD1
wp	CP002310.1	burgdorferi	burgdorferi	JD1
wp	CP002323.1	burgdorferi	burgdorferi	JD1
wp	CP002309.1	burgdorferi	burgdorferi	JD1
wp	CP002321.1	burgdorferi	burgdorferi	JD1
wp	CP002320.1	burgdorferi	burgdorferi	JD1
wp	CP002307.1	burgdorferi	burgdorferi	JD1
wp	CP002311.1	burgdorferi	burgdorferi	JD1
wp	CP002322.1	burgdorferi	burgdorferi	JD1
wp	CP002313.1	burgdorferi	burgdorferi	JD1
wp	CP002308.1	burgdorferi	burgdorferi	JD1
wp	CP002306.1	burgdorferi	burgdorferi	JD1
wp	CP002314.1	burgdorferi	burgdorferi	JD1
wp	CP002318.1	burgdorferi	burgdorferi	JD1
wp	CP002317.1	burgdorferi	burgdorferi	JD1
wp	CP002324.1	burgdorferi	burgdorferi	JD1
wp	CP002319.1	burgdorferi	burgdorferi	JD1
wp	CP002315.1	burgdorferi	burgdorferi	JD1
wp	CP002325.1	burgdorferi	burgdorferi	JD1
wp	CP001652.1	burgdorferi	burgdorferi	JD1
wp	CP094597.1	burgdorferi	burgdorferi	B31-5A4
wp	CP094606.1	burgdorferi	burgdorferi	B31-5A4
wp	CP094607.1	burgdorferi	burgdorferi	B31-5A4
wp	CP094608.1	burgdorferi	burgdorferi	B31-5A4
wp	CP094617.1	burgdorferi	burgdorferi	B31-5A4
wp	CP094598.1	burgdorferi	burgdorferi	B31-5A4
wp	CP094609.1	burgdorferi	burgdorferi	B31-5A4
wp	CP094610.1	burgdorferi	burgdorferi	B31-5A4
wp	CP094611.1	burgdorferi	burgdorferi	B31-5A4
wp	CP094612.1	burgdorferi	burgdorferi	B31-5A4
wp	CP094599.1	burgdorferi	burgdorferi	B31-5A4
wp	CP094600.1	burgdorferi	burgdorferi	B31-5A4
wp	CP094601.1	burgdorferi	burgdorferi	B31-5A4
wp	CP094602.1	burgdorferi	burgdorferi	B31-5A4
wp	CP094603.1	burgdorferi	burgdorferi	B31-5A4
wp	CP094604.1	burgdorferi	burgdorferi	B31-5A4
wp	CP094605.1	burgdorferi	burgdorferi	B31-5A4
wp	CP094613.1	burgdorferi	burgdorferi	B31-5A4
wp	CP094614.1	burgdorferi	burgdorferi	B31-5A4
wp	CP094615.1	burgdorferi	burgdorferi	B31-5A4
wp	CP094616.1	burgdorferi	burgdorferi	B31-5A4
wp	CP031412.1	burgdorferi	burgdorferi	MM1
wp	CP031399.1	burgdorferi	burgdorferi	MM1
wp	CP031400.1	burgdorferi	burgdorferi	MM1
wp	CP031401.1	burgdorferi	burgdorferi	MM1
wp	CP031398.1	burgdorferi	burgdorferi	MM1
wp	CP031402.1	burgdorferi	burgdorferi	MM1
wp	CP031403.1	burgdorferi	burgdorferi	MM1
wp	CP031409.1	burgdorferi	burgdorferi	MM1
wp	CP031408.1	burgdorferi	burgdorferi	MM1
wp	CP031410.1	burgdorferi	burgdorferi	MM1
wp	CP031411.1	burgdorferi	burgdorferi	MM1
wp	CP031405.1	burgdorferi	burgdorferi	MM1
wp	CP031407.1	burgdorferi	burgdorferi	MM1
wp	CP031406.1	burgdorferi	burgdorferi	MM1
wp	CP031404.1	burgdorferi	burgdorferi	MM1
wp	CP031397.1	burgdorferi	burgdorferi	MM1
wp	CP124092.1	burgdorferi	burgdorferi	Am293
wp	CP124090.1	burgdorferi	burgdorferi	Am293
wp	CP124089.1	burgdorferi	burgdorferi	Am293
wp	CP124091.1	burgdorferi	burgdorferi	Am293
wp	CP019916.1	burgdorferi	burgdorferi	PAbe
wp	CP019922.1	burgdorferi	burgdorferi	PAbe
wp	CP019923.1	burgdorferi	burgdorferi	PAbe
wp	CP019919.1	burgdorferi	burgdorferi	PAbe
wp	CP019920.1	burgdorferi	burgdorferi	PAbe
wp	CP019918.1	burgdorferi	burgdorferi	PAbe
wp	CP019921.1	burgdorferi	burgdorferi	PAbe
wp	CP019924.1	burgdorferi	burgdorferi	PAbe
wp	CP019925.1	burgdorferi	burgdorferi	PAbe
wp	CP019926.1	burgdorferi	burgdorferi	PAbe
wp	CP001446.1	burgdorferi	burgdorferi	WI91-23
wp	CP001445.1	burgdorferi	burgdorferi	WI91-23
wp	CP001449.1	burgdorferi	burgdorferi	WI91-23
wp	CP001451.1	burgdorferi	burgdorferi	WI91-23
wp	CP001444.1	burgdorferi	burgdorferi	WI91-23
wp	CP001453.1	burgdorferi	burgdorferi	WI91-23
wp	CP001450.1	burgdorferi	burgdorferi	WI91-23
wp	CP001457.1	burgdorferi	burgdorferi	WI91-23
wp	CP001460.1	burgdorferi	burgdorferi	WI91-23
wp	CP001461.1	burgdorferi	burgdorferi	WI91-23
wp	CP001459.1	burgdorferi	burgdorferi	WI91-23
wp	CP001456.1	burgdorferi	burgdorferi	WI91-23
wp	CP001452.1	burgdorferi	burgdorferi	WI91-23
wp	CP001454.1	burgdorferi	burgdorferi	WI91-23
wp	CP001455.1	burgdorferi	burgdorferi	WI91-23
wp	CP001448.1	burgdorferi	burgdorferi	WI91-23
wp	CP001458.1	burgdorferi	burgdorferi	WI91-23
wp	CP001462.1	burgdorferi	burgdorferi	WI91-23
wp	CP001447.1	burgdorferi	burgdorferi	WI91-23
wp	CP001443.1	burgdorferi	burgdorferi	WI91-23
wp	CP074054.1	burgdorferi	burgdorferi	B500
wp	CP074063.1	burgdorferi	burgdorferi	B500
wp	CP074072.1	burgdorferi	burgdorferi	B500
wp	CP074059.1	burgdorferi	burgdorferi	B500
wp	CP074055.1	burgdorferi	burgdorferi	B500
wp	CP074060.1	burgdorferi	burgdorferi	B500
wp	CP074061.1	burgdorferi	burgdorferi	B500
wp	CP074062.1	burgdorferi	burgdorferi	B500
wp	CP074071.1	burgdorferi	burgdorferi	B500
wp	CP074065.1	burgdorferi	burgdorferi	B500
wp	CP074066.1	burgdorferi	burgdorferi	B500
wp	CP074067.1	burgdorferi	burgdorferi	B500
wp	CP074068.1	burgdorferi	burgdorferi	B500
wp	CP074069.1	burgdorferi	burgdorferi	B500
wp	CP074070.1	burgdorferi	burgdorferi	B500
wp	CP074057.1	burgdorferi	burgdorferi	B500
wp	CP074058.1	burgdorferi	burgdorferi	B500
wp	CP074056.1	burgdorferi	burgdorferi	B500
wp	CP074064.1	burgdorferi	burgdorferi	B500
wp	CP001205.1	burgdorferi	burgdorferi	ZS7
wp	CP001212.1	burgdorferi	burgdorferi	ZS7
wp	CP001206.1	burgdorferi	burgdorferi	ZS7
wp	CP001200.1	burgdorferi	burgdorferi	ZS7
wp	CP001202.1	burgdorferi	burgdorferi	ZS7
wp	CP001208.1	burgdorferi	burgdorferi	ZS7
wp	CP001211.1	burgdorferi	burgdorferi	ZS7
wp	CP001204.1	burgdorferi	burgdorferi	ZS7
wp	CP001198.1	burgdorferi	burgdorferi	ZS7
wp	CP001210.1	burgdorferi	burgdorferi	ZS7
wp	CP001209.1	burgdorferi	burgdorferi	ZS7
wp	CP001203.1	burgdorferi	burgdorferi	ZS7
wp	CP001207.1	burgdorferi	burgdorferi	ZS7
wp	CP001201.1	burgdorferi	burgdorferi	ZS7
wp	CP001199.1	burgdorferi	burgdorferi	ZS7
wp	CP124084.1	burgdorferi	burgdorferi	Am388
wp	CP124082.1	burgdorferi	burgdorferi	Am388
wp	CP124081.1	burgdorferi	burgdorferi	Am388
wp	CP124083.1	burgdorferi	burgdorferi	Am388
wp	CP001568.1	burgdorferi	burgdorferi	Bol26
wp	CP001565.1	burgdorferi	burgdorferi	Bol26
wp	CP001572.1	burgdorferi	burgdorferi	Bol26
wp	CP001570.1	burgdorferi	burgdorferi	Bol26
wp	CP001564.1	burgdorferi	burgdorferi	Bol26
wp	CP001573.1	burgdorferi	burgdorferi	Bol26
wp	CP001569.1	burgdorferi	burgdorferi	Bol26
wp	CP001566.1	burgdorferi	burgdorferi	Bol26
wp	CP001567.1	burgdorferi	burgdorferi	Bol26
wp	CP001571.1	burgdorferi	burgdorferi	Bol26
wp	CP094579.1	burgdorferi	burgdorferi	B379
wp	CP094589.1	burgdorferi	burgdorferi	B379
wp	CP094580.1	burgdorferi	burgdorferi	B379
wp	CP094590.1	burgdorferi	burgdorferi	B379
wp	CP094591.1	burgdorferi	burgdorferi	B379
wp	CP094592.1	burgdorferi	burgdorferi	B379
wp	CP094593.1	burgdorferi	burgdorferi	B379
wp	CP094581.1	burgdorferi	burgdorferi	B379
wp	CP094582.1	burgdorferi	burgdorferi	B379
wp	CP094583.1	burgdorferi	burgdorferi	B379
wp	CP094584.1	burgdorferi	burgdorferi	B379
wp	CP094585.1	burgdorferi	burgdorferi	B379
wp	CP094586.1	burgdorferi	burgdorferi	B379
wp	CP094587.1	burgdorferi	burgdorferi	B379
wp	CP094588.1	burgdorferi	burgdorferi	B379
wp	CP094594.1	burgdorferi	burgdorferi	B379
wp	CP094595.1	burgdorferi	burgdorferi	B379
wp	CP094596.1	burgdorferi	burgdorferi	B379
wp	CP005925.1	burgdorferi	burgdorferi	CA382
wp	CP124108.1	burgdorferi	burgdorferi	80a
wp	CP124106.1	burgdorferi	burgdorferi	80a
wp	CP124105.1	burgdorferi	burgdorferi	80a
wp	CP124107.1	burgdorferi	burgdorferi	80a
wp	CP124096.1	burgdorferi	burgdorferi	NE_5267
wp	CP124094.1	burgdorferi	burgdorferi	NE_5267
wp	CP124095.1	burgdorferi	burgdorferi	NE_5267
wp	CP124080.1	burgdorferi	burgdorferi	Sh-2-82
wp	CP124078.1	burgdorferi	burgdorferi	Sh-2-82
wp	CP124077.1	burgdorferi	burgdorferi	Sh-2-82
wp	CP124079.1	burgdorferi	burgdorferi	Sh-2-82
wp	CP094561.1	burgdorferi	burgdorferi	B408
wp	CP094569.1	burgdorferi	burgdorferi	B408
wp	CP094570.1	burgdorferi	burgdorferi	B408
wp	CP094562.1	burgdorferi	burgdorferi	B408
wp	CP094571.1	burgdorferi	burgdorferi	B408
wp	CP094572.1	burgdorferi	burgdorferi	B408
wp	CP094573.1	burgdorferi	burgdorferi	B408
wp	CP094574.1	burgdorferi	burgdorferi	B408
wp	CP094563.1	burgdorferi	burgdorferi	B408
wp	CP094564.1	burgdorferi	burgdorferi	B408
wp	CP094565.1	burgdorferi	burgdorferi	B408
wp	CP094566.1	burgdorferi	burgdorferi	B408
wp	CP094567.1	burgdorferi	burgdorferi	B408
wp	CP094568.1	burgdorferi	burgdorferi	B408
wp	CP094575.1	burgdorferi	burgdorferi	B408
wp	CP094576.1	burgdorferi	burgdorferi	B408
wp	CP094577.1	burgdorferi	burgdorferi	B408
wp	CP094578.1	burgdorferi	burgdorferi	B408
wp	CP017201.2	burgdorferi	burgdorferi	B331
wp	CP017202.2	burgdorferi	burgdorferi	B331
wp	CP017203.1	burgdorferi	burgdorferi	B331
wp	CP017204.1	burgdorferi	burgdorferi	B331
wp	CP017207.1	burgdorferi	burgdorferi	B331
wp	CP017208.1	burgdorferi	burgdorferi	B331
wp	CP017210.1	burgdorferi	burgdorferi	B331
wp	CP017211.1	burgdorferi	burgdorferi	B331
wp	CP017212.1	burgdorferi	burgdorferi	B331
wp	CP017213.1	burgdorferi	burgdorferi	B331
wp	CP017214.1	burgdorferi	burgdorferi	B331
wp	CP017216.1	burgdorferi	burgdorferi	B331
wp	CP017217.1	burgdorferi	burgdorferi	B331
wp	CP017218.1	burgdorferi	burgdorferi	B331
wp	CP017219.1	burgdorferi	burgdorferi	B331
wp	CP001271.1	burgdorferi	burgdorferi	156a
wp	CP001261.1	burgdorferi	burgdorferi	156a
wp	CP001270.1	burgdorferi	burgdorferi	156a
wp	CP001266.1	burgdorferi	burgdorferi	156a
wp	CP001264.1	burgdorferi	burgdorferi	156a
wp	CP001263.1	burgdorferi	burgdorferi	156a
wp	CP001259.1	burgdorferi	burgdorferi	156a
wp	CP001268.1	burgdorferi	burgdorferi	156a
wp	CP001269.1	burgdorferi	burgdorferi	156a
wp	CP001258.1	burgdorferi	burgdorferi	156a
wp	CP001265.1	burgdorferi	burgdorferi	156a
wp	CP001273.1	burgdorferi	burgdorferi	156a
wp	CP001256.1	burgdorferi	burgdorferi	156a
wp	CP001272.1	burgdorferi	burgdorferi	156a
wp	CP001274.1	burgdorferi	burgdorferi	156a
wp	CP001262.1	burgdorferi	burgdorferi	156a
wp	CP001260.1	burgdorferi	burgdorferi	156a
wp	CP001267.1	burgdorferi	burgdorferi	156a
wp	CP001257.1	burgdorferi	burgdorferi	156a
wp	CP001493.1	burgdorferi	burgdorferi	94a
wp	CP001498.1	burgdorferi	burgdorferi	94a
wp	CP001491.1	burgdorferi	burgdorferi	94a
wp	CP001496.1	burgdorferi	burgdorferi	94a
wp	CP001499.1	burgdorferi	burgdorferi	94a
wp	CP001492.1	burgdorferi	burgdorferi	94a
wp	CP001501.1	burgdorferi	burgdorferi	94a
wp	CP001497.1	burgdorferi	burgdorferi	94a
wp	CP001502.1	burgdorferi	burgdorferi	94a
wp	CP001490.1	burgdorferi	burgdorferi	94a
wp	CP001494.1	burgdorferi	burgdorferi	94a
wp	CP001500.1	burgdorferi	burgdorferi	94a
wp	CP001495.1	burgdorferi	burgdorferi	94a
wp	CP124088.1	burgdorferi	burgdorferi	Am315
wp	CP124086.1	burgdorferi	burgdorferi	Am315
wp	CP124085.1	burgdorferi	burgdorferi	Am315
wp	CP124087.1	burgdorferi	burgdorferi	Am315
wp	CP019767.1	burgdorferi	burgdorferi	B31_NRZ
wp	CP019761.1	burgdorferi	burgdorferi	B31_NRZ
wp	CP019762.1	burgdorferi	burgdorferi	B31_NRZ
wp	CP019756.1	burgdorferi	burgdorferi	B31_NRZ
wp	CP019757.1	burgdorferi	burgdorferi	B31_NRZ
wp	CP019758.1	burgdorferi	burgdorferi	B31_NRZ
wp	CP019759.1	burgdorferi	burgdorferi	B31_NRZ
wp	CP019760.1	burgdorferi	burgdorferi	B31_NRZ
wp	CP019763.1	burgdorferi	burgdorferi	B31_NRZ
wp	CP019764.1	burgdorferi	burgdorferi	B31_NRZ
wp	CP019766.1	burgdorferi	burgdorferi	B31_NRZ
wp	CP124104.1	burgdorferi	burgdorferi	NE_5248
wp	CP124102.1	burgdorferi	burgdorferi	NE_5248
wp	CP124101.1	burgdorferi	burgdorferi	NE_5248
wp	CP124103.1	burgdorferi	burgdorferi	NE_5248
wp	CP002228.1	burgdorferi	burgdorferi	N40
wp	CP002239.1	burgdorferi	burgdorferi	N40
wp	CP002240.1	burgdorferi	burgdorferi	N40
wp	CP002238.1	burgdorferi	burgdorferi	N40
wp	CP002235.1	burgdorferi	burgdorferi	N40
wp	CP002227.1	burgdorferi	burgdorferi	N40
wp	CP002229.1	burgdorferi	burgdorferi	N40
wp	CP002242.1	burgdorferi	burgdorferi	N40
wp	CP002231.1	burgdorferi	burgdorferi	N40
wp	CP002241.1	burgdorferi	burgdorferi	N40
wp	CP002234.1	burgdorferi	burgdorferi	N40
wp	CP002232.1	burgdorferi	burgdorferi	N40
wp	CP002236.1	burgdorferi	burgdorferi	N40
wp	CP002233.1	burgdorferi	burgdorferi	N40
wp	CP002230.1	burgdorferi	burgdorferi	N40
wp	CP002237.1	burgdorferi	burgdorferi	N40
wp	CP001651.1	burgdorferi	burgdorferi	N40
wp	AE000783.1	burgdorferi	burgdorferi	B31
wp	AE001583.1	burgdorferi	burgdorferi	B31
wp	AE000791.1	burgdorferi	burgdorferi	B31
wp	AE001582.2	burgdorferi	burgdorferi	B31
wp	AE000785.1	burgdorferi	burgdorferi	B31
wp	AE000794.2	burgdorferi	burgdorferi	B31
wp	AE000786.1	burgdorferi	burgdorferi	B31
wp	AE000784.1	burgdorferi	burgdorferi	B31
wp	AE000789.1	burgdorferi	burgdorferi	B31
wp	AE001575.1	burgdorferi	burgdorferi	B31
wp	AE001576.1	burgdorferi	burgdorferi	B31
wp	AE001578.1	burgdorferi	burgdorferi	B31
wp	AE001579.1	burgdorferi	burgdorferi	B31
wp	AE001580.1	burgdorferi	burgdorferi	B31
wp	AE001581.1	burgdorferi	burgdorferi	B31
wp	AE000788.1	burgdorferi	burgdorferi	B31
wp	AE000787.1	burgdorferi	burgdorferi	B31
wp	AE000790.2	burgdorferi	burgdorferi	B31
wp	AE001584.1	burgdorferi	burgdorferi	B31
wp	CP132449.1	americana	americana	SCW-30h
wp	CP132451.1	americana	americana	SCW-30h
wp	CP179251.1	americana	americana	SCW-30h
wp	CP132450.1	americana	americana	SCW-30h
wp	CP179255.1	americana	americana	SCW-30h
wp	CP179254.1	americana	americana	SCW-30h
wp	CP179252.1	americana	americana	SCW-30h
wp	CP179253.1	americana	americana	SCW-30h
wp	CP132452.1	americana	americana	SCW-30h
wp	CP124113.1	americana	americana	SCW-41
wp	CP124115.1	americana	americana	SCW-41
wp	CP179258.1	americana	americana	SCW-41
wp	CP124114.1	americana	americana	SCW-41
wp	CP179257.1	americana	americana	SCW-41
wp	CP179261.1	americana	americana	SCW-41
wp	CP179260.1	americana	americana	SCW-41
wp	CP179259.1	americana	americana	SCW-41
wp	CP179262.1	americana	americana	SCW-41
wp	CP179256.1	americana	americana	SCW-41
wp	CP124116.1	americana	americana	SCW-41
wp	CP132457.1	andersonii	andersonii	21038
wp	CP132459.1	andersonii	andersonii	21038
wp	CP132458.1	andersonii	andersonii	21038
wp	CP179263.1	andersonii	andersonii	21038
wp	CP179264.1	andersonii	andersonii	21038
wp	CP179265.1	andersonii	andersonii	21038
wp	CP179268.1	andersonii	andersonii	21038
wp	CP179269.1	andersonii	andersonii	21038
wp	CP179266.1	andersonii	andersonii	21038
wp	CP179267.1	andersonii	andersonii	21038
wp	CP132460.1	andersonii	andersonii	21038
wp	CP132472.1	andersonii	andersonii	MOD-5
wp	CP179273.1	andersonii	andersonii	MOD-5
wp	CP132474.1	andersonii	andersonii	MOD-5
wp	CP132473.1	andersonii	andersonii	MOD-5
wp	CP179271.1	andersonii	andersonii	MOD-5
wp	CP179270.1	andersonii	andersonii	MOD-5
wp	CP179274.1	andersonii	andersonii	MOD-5
wp	CP179276.1	andersonii	andersonii	MOD-5
wp	CP179277.1	andersonii	andersonii	MOD-5
wp	CP179275.1	andersonii	andersonii	MOD-5
wp	CP179272.1	andersonii	andersonii	MOD-5
wp	CP132475.1	andersonii	andersonii	MOD-5
wp	CP058812.1	bavariensis	bavariensis	A104S
wp	CP058816.1	bavariensis	bavariensis	A104S
wp	CP058813.1	bavariensis	bavariensis	A104S
wp	CP058818.1	bavariensis	bavariensis	A104S
wp	CP058820.1	bavariensis	bavariensis	A104S
wp	CP058821.1	bavariensis	bavariensis	A104S
wp	CP058825.1	bavariensis	bavariensis	A104S
wp	CP058822.1	bavariensis	bavariensis	A104S
wp	CP058823.1	bavariensis	bavariensis	A104S
wp	CP058824.1	bavariensis	bavariensis	A104S
wp	CP058815.1	bavariensis	bavariensis	A104S
wp	CP058814.1	bavariensis	bavariensis	A104S
wp	JACFBF010000001.1	bavariensis	bavariensis	A91S
wp	JACFBF010000002.1	bavariensis	bavariensis	A91S
wp	JACFBF010000006.1	bavariensis	bavariensis	A91S
wp	JACFBF010000011.1	bavariensis	bavariensis	A91S
wp	JACFBF010000012.1	bavariensis	bavariensis	A91S
wp	JACFBF010000013.1	bavariensis	bavariensis	A91S
wp	JACFBF010000005.1	bavariensis	bavariensis	A91S
wp	JACFBF010000007.1	bavariensis	bavariensis	A91S
wp	JACFBF010000008.1	bavariensis	bavariensis	A91S
wp	JACFBF010000009.1	bavariensis	bavariensis	A91S
wp	JACFBF010000010.1	bavariensis	bavariensis	A91S
wp	JACFBF010000004.1	bavariensis	bavariensis	A91S
wp	JACFBF010000003.1	bavariensis	bavariensis	A91S
wp	JACFBF010000014.1	bavariensis	bavariensis	A91S
wp	JACFBF010000015.1	bavariensis	bavariensis	A91S
wp	JACFBC010000001.1	bavariensis	bavariensis	DK6
wp	JACFBC010000002.1	bavariensis	bavariensis	DK6
wp	JACFBC010000006.1	bavariensis	bavariensis	DK6
wp	JACFBC010000011.1	bavariensis	bavariensis	DK6
wp	JACFBC010000010.1	bavariensis	bavariensis	DK6
wp	JACFBC010000005.1	bavariensis	bavariensis	DK6
wp	JACFBC010000007.1	bavariensis	bavariensis	DK6
wp	JACFBC010000008.1	bavariensis	bavariensis	DK6
wp	JACFBC010000009.1	bavariensis	bavariensis	DK6
wp	JACFBC010000004.1	bavariensis	bavariensis	DK6
wp	JACFBC010000003.1	bavariensis	bavariensis	DK6
wp	JACFBC010000012.1	bavariensis	bavariensis	DK6
wp	JACFBC010000013.1	bavariensis	bavariensis	DK6
wp	JACFBC010000014.1	bavariensis	bavariensis	DK6
wp	JACFBC010000015.1	bavariensis	bavariensis	DK6
wp	JACFBC010000016.1	bavariensis	bavariensis	DK6
wp	JACFBC010000017.1	bavariensis	bavariensis	DK6
wp	JACFBC010000018.1	bavariensis	bavariensis	DK6
wp	JACFBC010000019.1	bavariensis	bavariensis	DK6
wp	JACFBC010000020.1	bavariensis	bavariensis	DK6
wp	JACFBB010000001.1	bavariensis	bavariensis	Lubl25
wp	JACFBB010000002.1	bavariensis	bavariensis	Lubl25
wp	JACFBB010000013.1	bavariensis	bavariensis	Lubl25
wp	JACFBB010000006.1	bavariensis	bavariensis	Lubl25
wp	JACFBB010000011.1	bavariensis	bavariensis	Lubl25
wp	JACFBB010000012.1	bavariensis	bavariensis	Lubl25
wp	JACFBB010000005.1	bavariensis	bavariensis	Lubl25
wp	JACFBB010000007.1	bavariensis	bavariensis	Lubl25
wp	JACFBB010000008.1	bavariensis	bavariensis	Lubl25
wp	JACFBB010000009.1	bavariensis	bavariensis	Lubl25
wp	JACFBB010000010.1	bavariensis	bavariensis	Lubl25
wp	JACFBB010000004.1	bavariensis	bavariensis	Lubl25
wp	JACFBB010000003.1	bavariensis	bavariensis	Lubl25
wp	JACFBB010000014.1	bavariensis	bavariensis	Lubl25
wp	JACFBB010000015.1	bavariensis	bavariensis	Lubl25
wp	CP059009.1	bavariensis	bavariensis	NT24
wp	CP059013.1	bavariensis	bavariensis	NT24
wp	CP059014.1	bavariensis	bavariensis	NT24
wp	CP059010.1	bavariensis	bavariensis	NT24
wp	CP059015.1	bavariensis	bavariensis	NT24
wp	CP059016.1	bavariensis	bavariensis	NT24
wp	CP059017.1	bavariensis	bavariensis	NT24
wp	CP059018.1	bavariensis	bavariensis	NT24
wp	CP059020.1	bavariensis	bavariensis	NT24
wp	CP059026.1	bavariensis	bavariensis	NT24
wp	CP059027.1	bavariensis	bavariensis	NT24
wp	CP059021.1	bavariensis	bavariensis	NT24
wp	CP059022.1	bavariensis	bavariensis	NT24
wp	CP059023.1	bavariensis	bavariensis	NT24
wp	CP059024.1	bavariensis	bavariensis	NT24
wp	CP059025.1	bavariensis	bavariensis	NT24
wp	CP059019.1	bavariensis	bavariensis	NT24
wp	CP059012.1	bavariensis	bavariensis	NT24
wp	CP059011.1	bavariensis	bavariensis	NT24
wp	CP117799.1	bavariensis	bavariensis	PBaeII
wp	CP117807.1	bavariensis	bavariensis	PBaeII
wp	CP117808.1	bavariensis	bavariensis	PBaeII
wp	CP117804.1	bavariensis	bavariensis	PBaeII
wp	CP117802.1	bavariensis	bavariensis	PBaeII
wp	CP117806.1	bavariensis	bavariensis	PBaeII
wp	CP117803.1	bavariensis	bavariensis	PBaeII
wp	CP117801.1	bavariensis	bavariensis	PBaeII
wp	CP117809.1	bavariensis	bavariensis	PBaeII
wp	CP117810.1	bavariensis	bavariensis	PBaeII
wp	CP117805.1	bavariensis	bavariensis	PBaeII
wp	CP117800.1	bavariensis	bavariensis	PBaeII
wp	JACFAY010000014.1	bavariensis	bavariensis	PBar
wp	JACFAY010000015.1	bavariensis	bavariensis	PBar
wp	JACFAY010000016.1	bavariensis	bavariensis	PBar
wp	JACFAY010000001.1	bavariensis	bavariensis	PBar
wp	JACFAY010000002.1	bavariensis	bavariensis	PBar
wp	JACFAY010000013.1	bavariensis	bavariensis	PBar
wp	JACFAY010000006.1	bavariensis	bavariensis	PBar
wp	JACFAY010000011.1	bavariensis	bavariensis	PBar
wp	JACFAY010000012.1	bavariensis	bavariensis	PBar
wp	JACFAY010000005.1	bavariensis	bavariensis	PBar
wp	JACFAY010000007.1	bavariensis	bavariensis	PBar
wp	JACFAY010000008.1	bavariensis	bavariensis	PBar
wp	JACFAY010000009.1	bavariensis	bavariensis	PBar
wp	JACFAY010000010.1	bavariensis	bavariensis	PBar
wp	JACFAY010000004.1	bavariensis	bavariensis	PBar
wp	JACFAY010000003.1	bavariensis	bavariensis	PBar
wp	CP000013.1	bavariensis	bavariensis	PBi
wp	CP000014.1	bavariensis	bavariensis	PBi
wp	CP000015.1	bavariensis	bavariensis	PBi
wp	JACFAX010000013.1	bavariensis	bavariensis	PBN
wp	JACFAX010000014.1	bavariensis	bavariensis	PBN
wp	JACFAX010000015.1	bavariensis	bavariensis	PBN
wp	JACFAX010000016.1	bavariensis	bavariensis	PBN
wp	JACFAX010000001.1	bavariensis	bavariensis	PBN
wp	JACFAX010000002.1	bavariensis	bavariensis	PBN
wp	JACFAX010000012.1	bavariensis	bavariensis	PBN
wp	JACFAX010000006.1	bavariensis	bavariensis	PBN
wp	JACFAX010000010.1	bavariensis	bavariensis	PBN
wp	JACFAX010000011.1	bavariensis	bavariensis	PBN
wp	JACFAX010000005.1	bavariensis	bavariensis	PBN
wp	JACFAX010000007.1	bavariensis	bavariensis	PBN
wp	JACFAX010000008.1	bavariensis	bavariensis	PBN
wp	JACFAX010000009.1	bavariensis	bavariensis	PBN
wp	JACFAX010000004.1	bavariensis	bavariensis	PBN
wp	JACFAX010000003.1	bavariensis	bavariensis	PBN
wp	JACFAW010000001.1	bavariensis	bavariensis	PHerI
wp	JACFAW010000002.1	bavariensis	bavariensis	PHerI
wp	JACFAW010000013.1	bavariensis	bavariensis	PHerI
wp	JACFAW010000006.1	bavariensis	bavariensis	PHerI
wp	JACFAW010000012.1	bavariensis	bavariensis	PHerI
wp	JACFAW010000005.1	bavariensis	bavariensis	PHerI
wp	JACFAW010000007.1	bavariensis	bavariensis	PHerI
wp	JACFAW010000008.1	bavariensis	bavariensis	PHerI
wp	JACFAW010000009.1	bavariensis	bavariensis	PHerI
wp	JACFAW010000010.1	bavariensis	bavariensis	PHerI
wp	JACFAW010000004.1	bavariensis	bavariensis	PHerI
wp	JACFAW010000003.1	bavariensis	bavariensis	PHerI
wp	JACFAW010000011.1	bavariensis	bavariensis	PHerI
wp	JACFAV010000014.1	bavariensis	bavariensis	PLad
wp	JACFAV010000015.1	bavariensis	bavariensis	PLad
wp	JACFAV010000016.1	bavariensis	bavariensis	PLad
wp	JACFAV010000017.1	bavariensis	bavariensis	PLad
wp	JACFAV010000018.1	bavariensis	bavariensis	PLad
wp	JACFAV010000001.1	bavariensis	bavariensis	PLad
wp	JACFAV010000002.1	bavariensis	bavariensis	PLad
wp	JACFAV010000006.1	bavariensis	bavariensis	PLad
wp	JACFAV010000013.1	bavariensis	bavariensis	PLad
wp	JACFAV010000012.1	bavariensis	bavariensis	PLad
wp	JACFAV010000005.1	bavariensis	bavariensis	PLad
wp	JACFAV010000007.1	bavariensis	bavariensis	PLad
wp	JACFAV010000008.1	bavariensis	bavariensis	PLad
wp	JACFAV010000009.1	bavariensis	bavariensis	PLad
wp	JACFAV010000010.1	bavariensis	bavariensis	PLad
wp	JACFAV010000011.1	bavariensis	bavariensis	PLad
wp	JACFAV010000004.1	bavariensis	bavariensis	PLad
wp	JACFAV010000003.1	bavariensis	bavariensis	PLad
wp	JACFAU010000014.1	bavariensis	bavariensis	PNeb
wp	JACFAU010000015.1	bavariensis	bavariensis	PNeb
wp	JACFAU010000001.1	bavariensis	bavariensis	PNeb
wp	JACFAU010000002.1	bavariensis	bavariensis	PNeb
wp	JACFAU010000006.1	bavariensis	bavariensis	PNeb
wp	JACFAU010000011.1	bavariensis	bavariensis	PNeb
wp	JACFAU010000012.1	bavariensis	bavariensis	PNeb
wp	JACFAU010000005.1	bavariensis	bavariensis	PNeb
wp	JACFAU010000007.1	bavariensis	bavariensis	PNeb
wp	JACFAU010000008.1	bavariensis	bavariensis	PNeb
wp	JACFAU010000009.1	bavariensis	bavariensis	PNeb
wp	JACFAU010000010.1	bavariensis	bavariensis	PNeb
wp	JACFAU010000004.1	bavariensis	bavariensis	PNeb
wp	JACFAU010000003.1	bavariensis	bavariensis	PNeb
wp	JACFAT010000012.1	bavariensis	bavariensis	PNi
wp	JACFAT010000013.1	bavariensis	bavariensis	PNi
wp	JACFAT010000001.1	bavariensis	bavariensis	PNi
wp	JACFAT010000002.1	bavariensis	bavariensis	PNi
wp	JACFAT010000006.1	bavariensis	bavariensis	PNi
wp	JACFAT010000007.1	bavariensis	bavariensis	PNi
wp	JACFAT010000008.1	bavariensis	bavariensis	PNi
wp	JACFAT010000005.1	bavariensis	bavariensis	PNi
wp	JACFAT010000009.1	bavariensis	bavariensis	PNi
wp	JACFAT010000010.1	bavariensis	bavariensis	PNi
wp	JACFAT010000011.1	bavariensis	bavariensis	PNi
wp	JACFAT010000004.1	bavariensis	bavariensis	PNi
wp	JACFAT010000003.1	bavariensis	bavariensis	PNi
wp	JACFAS010000013.1	bavariensis	bavariensis	PRab
wp	JACFAS010000001.1	bavariensis	bavariensis	PRab
wp	JACFAS010000002.1	bavariensis	bavariensis	PRab
wp	JACFAS010000006.1	bavariensis	bavariensis	PRab
wp	JACFAS010000011.1	bavariensis	bavariensis	PRab
wp	JACFAS010000012.1	bavariensis	bavariensis	PRab
wp	JACFAS010000005.1	bavariensis	bavariensis	PRab
wp	JACFAS010000007.1	bavariensis	bavariensis	PRab
wp	JACFAS010000008.1	bavariensis	bavariensis	PRab
wp	JACFAS010000009.1	bavariensis	bavariensis	PRab
wp	JACFAS010000010.1	bavariensis	bavariensis	PRab
wp	JACFAS010000004.1	bavariensis	bavariensis	PRab
wp	JACFAS010000003.1	bavariensis	bavariensis	PRab
wp	JACFAO010000014.1	bavariensis	bavariensis	PRof
wp	JACFAO010000015.1	bavariensis	bavariensis	PRof
wp	JACFAO010000016.1	bavariensis	bavariensis	PRof
wp	JACFAO010000017.1	bavariensis	bavariensis	PRof
wp	JACFAO010000018.1	bavariensis	bavariensis	PRof
wp	JACFAO010000019.1	bavariensis	bavariensis	PRof
wp	JACFAO010000020.1	bavariensis	bavariensis	PRof
wp	JACFAO010000001.1	bavariensis	bavariensis	PRof
wp	JACFAO010000002.1	bavariensis	bavariensis	PRof
wp	JACFAO010000006.1	bavariensis	bavariensis	PRof
wp	JACFAO010000012.1	bavariensis	bavariensis	PRof
wp	JACFAO010000013.1	bavariensis	bavariensis	PRof
wp	JACFAO010000005.1	bavariensis	bavariensis	PRof
wp	JACFAO010000007.1	bavariensis	bavariensis	PRof
wp	JACFAO010000008.1	bavariensis	bavariensis	PRof
wp	JACFAO010000009.1	bavariensis	bavariensis	PRof
wp	JACFAO010000010.1	bavariensis	bavariensis	PRof
wp	JACFAO010000011.1	bavariensis	bavariensis	PRof
wp	JACFAO010000004.1	bavariensis	bavariensis	PRof
wp	JACFAO010000003.1	bavariensis	bavariensis	PRof
wp	JACFAN010000001.1	bavariensis	bavariensis	PTrob
wp	JACFAN010000002.1	bavariensis	bavariensis	PTrob
wp	JACFAN010000013.1	bavariensis	bavariensis	PTrob
wp	JACFAN010000006.1	bavariensis	bavariensis	PTrob
wp	JACFAN010000011.1	bavariensis	bavariensis	PTrob
wp	JACFAN010000012.1	bavariensis	bavariensis	PTrob
wp	JACFAN010000007.1	bavariensis	bavariensis	PTrob
wp	JACFAN010000008.1	bavariensis	bavariensis	PTrob
wp	JACFAN010000009.1	bavariensis	bavariensis	PTrob
wp	JACFAN010000010.1	bavariensis	bavariensis	PTrob
wp	JACFAN010000004.1	bavariensis	bavariensis	PTrob
wp	JACFAN010000003.1	bavariensis	bavariensis	PTrob
wp	JACFAM010000001.1	bavariensis	bavariensis	PWin
wp	JACFAM010000002.1	bavariensis	bavariensis	PWin
wp	JACFAM010000013.1	bavariensis	bavariensis	PWin
wp	JACFAM010000006.1	bavariensis	bavariensis	PWin
wp	JACFAM010000011.1	bavariensis	bavariensis	PWin
wp	JACFAM010000012.1	bavariensis	bavariensis	PWin
wp	JACFAM010000005.1	bavariensis	bavariensis	PWin
wp	JACFAM010000007.1	bavariensis	bavariensis	PWin
wp	JACFAM010000008.1	bavariensis	bavariensis	PWin
wp	JACFAM010000009.1	bavariensis	bavariensis	PWin
wp	JACFAM010000010.1	bavariensis	bavariensis	PWin
wp	JACFAM010000004.1	bavariensis	bavariensis	PWin
wp	JACFAM010000003.1	bavariensis	bavariensis	PWin
wp	JACFAL010000001.1	bavariensis	bavariensis	PZwi
wp	JACFAL010000002.1	bavariensis	bavariensis	PZwi
wp	JACFAL010000012.1	bavariensis	bavariensis	PZwi
wp	JACFAL010000006.1	bavariensis	bavariensis	PZwi
wp	JACFAL010000010.1	bavariensis	bavariensis	PZwi
wp	JACFAL010000011.1	bavariensis	bavariensis	PZwi
wp	JACFAL010000005.1	bavariensis	bavariensis	PZwi
wp	JACFAL010000007.1	bavariensis	bavariensis	PZwi
wp	JACFAL010000008.1	bavariensis	bavariensis	PZwi
wp	JACFAL010000009.1	bavariensis	bavariensis	PZwi
wp	JACFAL010000004.1	bavariensis	bavariensis	PZwi
wp	JACFAL010000003.1	bavariensis	bavariensis	PZwi
wp	CP124109.1	bissettiae	bissettiae	PGeb
wp	CP124110.1	bissettiae	bissettiae	PGeb
wp	CP179280.1	bissettiae	bissettiae	PGeb
wp	CP179287.1	bissettiae	bissettiae	PGeb
wp	CP179286.1	bissettiae	bissettiae	PGeb
wp	CP124111.1	bissettiae	bissettiae	PGeb
wp	CP179282.1	bissettiae	bissettiae	PGeb
wp	CP179284.1	bissettiae	bissettiae	PGeb
wp	CP179285.1	bissettiae	bissettiae	PGeb
wp	CP124112.1	bissettiae	bissettiae	PGeb
wp	CP179279.1	bissettiae	bissettiae	PGeb
wp	CP179283.1	bissettiae	bissettiae	PGeb
wp	CP179281.1	bissettiae	bissettiae	PGeb
wp	CP179288.1	bissettiae	bissettiae	PGeb
wp	CP179278.1	bissettiae	bissettiae	PGeb
wp	CP132437.1	burgdorferi	burgdorferi	217_5
wp	CP132439.1	burgdorferi	burgdorferi	217_5
wp	CP132438.1	burgdorferi	burgdorferi	217_5
wp	CP132440.1	burgdorferi	burgdorferi	217_5
wp	CP179298.1	burgdorferi	burgdorferi	80a
wp	CP179297.1	burgdorferi	burgdorferi	80a
wp	CP179299.1	burgdorferi	burgdorferi	80a
wp	CP179301.1	burgdorferi	burgdorferi	80a
wp	CP179290.1	burgdorferi	burgdorferi	80a
wp	CP179300.1	burgdorferi	burgdorferi	80a
wp	CP179296.1	burgdorferi	burgdorferi	80a
wp	CP179302.1	burgdorferi	burgdorferi	80a
wp	CP179292.1	burgdorferi	burgdorferi	80a
wp	CP179295.1	burgdorferi	burgdorferi	80a
wp	CP179291.1	burgdorferi	burgdorferi	80a
wp	CP179293.1	burgdorferi	burgdorferi	80a
wp	CP179289.1	burgdorferi	burgdorferi	80a
wp	CP132425.1	burgdorferi	burgdorferi	Bol29
wp	CP132427.1	burgdorferi	burgdorferi	Bol29
wp	CP179310.1	burgdorferi	burgdorferi	Bol29
wp	CP179309.1	burgdorferi	burgdorferi	Bol29
wp	CP179305.1	burgdorferi	burgdorferi	Bol29
wp	CP179307.1	burgdorferi	burgdorferi	Bol29
wp	CP179306.1	burgdorferi	burgdorferi	Bol29
wp	CP179304.1	burgdorferi	burgdorferi	Bol29
wp	CP179303.1	burgdorferi	burgdorferi	Bol29
wp	CP132428.1	burgdorferi	burgdorferi	Bol29
wp	CP132421.1	burgdorferi	burgdorferi	Fr-93-1
wp	CP132423.1	burgdorferi	burgdorferi	Fr-93-1
wp	CP132424.1	burgdorferi	burgdorferi	Fr-93-1
wp	CP179312.1	burgdorferi	burgdorferi	Fr-93-1
wp	CP179318.1	burgdorferi	burgdorferi	Fr-93-1
wp	CP179317.1	burgdorferi	burgdorferi	Fr-93-1
wp	CP179314.1	burgdorferi	burgdorferi	Fr-93-1
wp	CP179316.1	burgdorferi	burgdorferi	Fr-93-1
wp	CP179313.1	burgdorferi	burgdorferi	Fr-93-1
wp	CP179315.1	burgdorferi	burgdorferi	Fr-93-1
wp	CP179311.1	burgdorferi	burgdorferi	Fr-93-1
wp	CP132422.1	burgdorferi	burgdorferi	Fr-93-1
wp	CP179321.1	burgdorferi	burgdorferi	NE5248
wp	CP179326.1	burgdorferi	burgdorferi	NE5248
wp	CP179319.1	burgdorferi	burgdorferi	NE5248
wp	CP179324.1	burgdorferi	burgdorferi	NE5248
wp	CP179323.1	burgdorferi	burgdorferi	NE5248
wp	CP179322.1	burgdorferi	burgdorferi	NE5248
wp	CP179325.1	burgdorferi	burgdorferi	NE5248
wp	CP179320.1	burgdorferi	burgdorferi	NE5248
wp	CP179331.1	burgdorferi	burgdorferi	NE5261
wp	CP179328.1	burgdorferi	burgdorferi	NE5261
wp	CP179330.1	burgdorferi	burgdorferi	NE5261
wp	CP179333.1	burgdorferi	burgdorferi	NE5261
wp	CP179336.1	burgdorferi	burgdorferi	NE5261
wp	CP179334.1	burgdorferi	burgdorferi	NE5261
wp	CP179329.1	burgdorferi	burgdorferi	NE5261
wp	CP179332.1	burgdorferi	burgdorferi	NE5261
wp	CP179335.1	burgdorferi	burgdorferi	NE5261
wp	CP179327.1	burgdorferi	burgdorferi	NE5261
wp	CP179341.1	burgdorferi	burgdorferi	NE5267
wp	CP179340.1	burgdorferi	burgdorferi	NE5267
wp	CP179339.1	burgdorferi	burgdorferi	NE5267
wp	CP179338.1	burgdorferi	burgdorferi	NE5267
wp	CP179345.1	burgdorferi	burgdorferi	NE5267
wp	CP179342.1	burgdorferi	burgdorferi	NE5267
wp	CP179347.1	burgdorferi	burgdorferi	NE5267
wp	CP179346.1	burgdorferi	burgdorferi	NE5267
wp	CP179343.1	burgdorferi	burgdorferi	NE5267
wp	CP179337.1	burgdorferi	burgdorferi	NE5267
wp	CP132429.1	burgdorferi	burgdorferi	SCW-9
wp	CP132431.1	burgdorferi	burgdorferi	SCW-9
wp	CP132430.1	burgdorferi	burgdorferi	SCW-9
wp	CP132432.1	burgdorferi	burgdorferi	SCW-9
wp	CP179426.1	burgdorferi	burgdorferi	Sh-2-82
wp	CP179421.1	burgdorferi	burgdorferi	Sh-2-82
wp	CP179423.1	burgdorferi	burgdorferi	Sh-2-82
wp	CP179412.1	burgdorferi	burgdorferi	Sh-2-82
wp	CP179413.1	burgdorferi	burgdorferi	Sh-2-82
wp	CP179411.1	burgdorferi	burgdorferi	Sh-2-82
wp	CP179420.1	burgdorferi	burgdorferi	Sh-2-82
wp	CP179419.1	burgdorferi	burgdorferi	Sh-2-82
wp	CP179416.1	burgdorferi	burgdorferi	Sh-2-82
wp	CP179415.1	burgdorferi	burgdorferi	Sh-2-82
wp	CP179418.1	burgdorferi	burgdorferi	Sh-2-82
wp	CP179422.1	burgdorferi	burgdorferi	Sh-2-82
wp	CP179424.1	burgdorferi	burgdorferi	Sh-2-82
wp	CP179417.1	burgdorferi	burgdorferi	Sh-2-82
wp	CP179425.1	burgdorferi	burgdorferi	Sh-2-82
wp	CP179414.1	burgdorferi	burgdorferi	Sh-2-82
wp	CP179410.1	burgdorferi	burgdorferi	Sh-2-82
wp	CP132441.1	burgdorferi	burgdorferi	Z9
wp	CP179433.1	burgdorferi	burgdorferi	Z9
wp	CP132443.1	burgdorferi	burgdorferi	Z9
wp	CP132442.1	burgdorferi	burgdorferi	Z9
wp	CP179431.1	burgdorferi	burgdorferi	Z9
wp	CP179428.1	burgdorferi	burgdorferi	Z9
wp	CP179432.1	burgdorferi	burgdorferi	Z9
wp	CP179430.1	burgdorferi	burgdorferi	Z9
wp	CP179429.1	burgdorferi	burgdorferi	Z9
wp	CP132444.1	burgdorferi	burgdorferi	Z9
wp	CP179427.1	burgdorferi	burgdorferi	Z9
wp	CP124076.1	californiensis	californiensis	CA443
wp	CP124074.1	californiensis	californiensis	CA443
wp	CP179437.1	californiensis	californiensis	CA443
wp	CP124073.1	californiensis	californiensis	CA443
wp	CP179435.1	californiensis	californiensis	CA443
wp	CP179442.1	californiensis	californiensis	CA443
wp	CP179441.1	californiensis	californiensis	CA443
wp	CP179439.1	californiensis	californiensis	CA443
wp	CP179438.1	californiensis	californiensis	CA443
wp	CP179440.1	californiensis	californiensis	CA443
wp	CP179436.1	californiensis	californiensis	CA443
wp	CP179434.1	californiensis	californiensis	CA443
wp	CP124075.1	californiensis	californiensis	CA443
wp	CP132476.1	californiensis	californiensis	CA446
wp	CP132478.1	californiensis	californiensis	CA446
wp	CP132479.1	californiensis	californiensis	CA446
wp	CP132445.1	carolinensis	carolinensis	BUL-H-2
wp	CP132447.1	carolinensis	carolinensis	BUL-H-2
wp	CP132446.1	carolinensis	carolinensis	BUL-H-2
wp	CP132448.1	carolinensis	carolinensis	BUL-H-2
wp	CP132433.1	bissettiae	bissettiae	M7p
wp	CP132434.1	bissettiae	bissettiae	M7p
wp	CP132435.1	bissettiae	bissettiae	M7p
wp	CP132436.1	bissettiae	bissettiae	M7p
wp	CP132453.1	carolinensis	carolinensis	MI-3
wp	CP132455.1	carolinensis	carolinensis	MI-3
wp	CP179455.1	carolinensis	carolinensis	MI-3
wp	CP132454.1	carolinensis	carolinensis	MI-3
wp	CP179456.1	carolinensis	carolinensis	MI-3
wp	CP179462.1	carolinensis	carolinensis	MI-3
wp	CP179463.1	carolinensis	carolinensis	MI-3
wp	CP179464.1	carolinensis	carolinensis	MI-3
wp	CP179458.1	carolinensis	carolinensis	MI-3
wp	CP179459.1	carolinensis	carolinensis	MI-3
wp	CP179460.1	carolinensis	carolinensis	MI-3
wp	CP179461.1	carolinensis	carolinensis	MI-3
wp	CP179457.1	carolinensis	carolinensis	MI-3
wp	CP132456.1	carolinensis	carolinensis	MI-3
wp	CP124072.1	carolinensis	carolinensis	SCGT-18
wp	CP136581.1	carolinensis	carolinensis	SCGT-18
wp	CP179473.1	carolinensis	carolinensis	SCGT-18
wp	CP136582.1	carolinensis	carolinensis	SCGT-18
wp	CP179467.1	carolinensis	carolinensis	SCGT-18
wp	CP179465.1	carolinensis	carolinensis	SCGT-18
wp	CP179469.1	carolinensis	carolinensis	SCGT-18
wp	CP179475.1	carolinensis	carolinensis	SCGT-18
wp	CP179477.1	carolinensis	carolinensis	SCGT-18
wp	CP179470.1	carolinensis	carolinensis	SCGT-18
wp	CP179468.1	carolinensis	carolinensis	SCGT-18
wp	CP179476.1	carolinensis	carolinensis	SCGT-18
wp	CP179471.1	carolinensis	carolinensis	SCGT-18
wp	CP179472.1	carolinensis	carolinensis	SCGT-18
wp	CP179478.1	carolinensis	carolinensis	SCGT-18
wp	CP179474.1	carolinensis	carolinensis	SCGT-18
wp	CP179466.1	carolinensis	carolinensis	SCGT-18
wp	CP124071.1	carolinensis	carolinensis	SCGT-18
wp	CP132465.1	carolinensis	carolinensis	SCW-22
wp	CP132466.1	carolinensis	carolinensis	SCW-22
wp	CP124070.1	finlandensis	finlandensis	Z11
wp	CP124068.1	finlandensis	finlandensis	Z11
wp	CP179482.1	finlandensis	finlandensis	Z11
wp	CP124067.1	finlandensis	finlandensis	Z11
wp	CP179479.1	finlandensis	finlandensis	Z11
wp	CP179481.1	finlandensis	finlandensis	Z11
wp	CP179480.1	finlandensis	finlandensis	Z11
wp	CP124069.1	finlandensis	finlandensis	Z11
wp	CP075413.1	garinii	garinii	20047
wp	CP075406.1	garinii	garinii	NT31
wp	CP075436.2	garinii	garinii	PBes
wp	CP119357.1	garinii	garinii	PBes
wp	CP119354.1	garinii	garinii	PBes
wp	CP119348.1	garinii	garinii	PBes
wp	CP119352.1	garinii	garinii	PBes
wp	CP119351.1	garinii	garinii	PBes
wp	CP119353.1	garinii	garinii	PBes
wp	CP119350.1	garinii	garinii	PBes
wp	CP119356.1	garinii	garinii	PBes
wp	CP119349.1	garinii	garinii	PBes
wp	CP119355.1	garinii	garinii	PBes
wp	CP119347.1	garinii	garinii	PBes
wp	CP075439.1	garinii	garinii	PBr
wp	CP075435.1	garinii	garinii	PFr
wp	CP075434.1	garinii	garinii	PHC
wp	CP075437.1	garinii	garinii	PHei
wp	CP075432.1	garinii	garinii	PKi
wp	CP075431.1	garinii	garinii	PLa
wp	CP075430.1	garinii	garinii	PLi
wp	CP075415.1	garinii	garinii	PMa
wp	CP075429.1	garinii	garinii	PMe
wp	CP124066.1	japonica	japonica	HO14
wp	CP179491.1	japonica	japonica	HO14
wp	CP124064.1	japonica	japonica	HO14
wp	CP124063.1	japonica	japonica	HO14
wp	CP179487.1	japonica	japonica	HO14
wp	CP179486.1	japonica	japonica	HO14
wp	CP179496.1	japonica	japonica	HO14
wp	CP179490.1	japonica	japonica	HO14
wp	CP179485.1	japonica	japonica	HO14
wp	CP179492.1	japonica	japonica	HO14
wp	CP179484.1	japonica	japonica	HO14
wp	CP179495.1	japonica	japonica	HO14
wp	CP179494.1	japonica	japonica	HO14
wp	CP179493.1	japonica	japonica	HO14
wp	CP179488.1	japonica	japonica	HO14
wp	CP179483.1	japonica	japonica	HO14
wp	CP179489.1	japonica	japonica	HO14
wp	CP124065.1	japonica	japonica	HO14
wp	CP124062.1	japonica	japonica	Miyazaki2E
wp	CP179506.1	japonica	japonica	Miyazaki2E
wp	CP124060.1	japonica	japonica	Miyazaki2E
wp	CP179502.1	japonica	japonica	Miyazaki2E
wp	CP124059.1	japonica	japonica	Miyazaki2E
wp	CP179499.1	japonica	japonica	Miyazaki2E
wp	CP179503.1	japonica	japonica	Miyazaki2E
wp	CP179507.1	japonica	japonica	Miyazaki2E
wp	CP179505.1	japonica	japonica	Miyazaki2E
wp	CP179504.1	japonica	japonica	Miyazaki2E
wp	CP179508.1	japonica	japonica	Miyazaki2E
wp	CP179501.1	japonica	japonica	Miyazaki2E
wp	CP179500.1	japonica	japonica	Miyazaki2E
wp	CP179497.1	japonica	japonica	Miyazaki2E
wp	CP179498.1	japonica	japonica	Miyazaki2E
wp	CP124061.1	japonica	japonica	Miyazaki2E
wp	CP124058.1	kurtenbachii	kurtenbachii	25015
wp	CP179518.1	kurtenbachii	kurtenbachii	25015
wp	CP124056.1	kurtenbachii	kurtenbachii	25015
wp	CP179510.1	kurtenbachii	kurtenbachii	25015
wp	CP124055.1	kurtenbachii	kurtenbachii	25015
wp	CP179511.1	kurtenbachii	kurtenbachii	25015
wp	CP179512.1	kurtenbachii	kurtenbachii	25015
wp	CP179520.1	kurtenbachii	kurtenbachii	25015
wp	CP179521.1	kurtenbachii	kurtenbachii	25015
wp	CP179514.1	kurtenbachii	kurtenbachii	25015
wp	CP179509.1	kurtenbachii	kurtenbachii	25015
wp	CP179516.1	kurtenbachii	kurtenbachii	25015
wp	CP179519.1	kurtenbachii	kurtenbachii	25015
wp	CP179517.1	kurtenbachii	kurtenbachii	25015
wp	CP179515.1	kurtenbachii	kurtenbachii	25015
wp	CP179513.1	kurtenbachii	kurtenbachii	25015
wp	CP124057.1	kurtenbachii	kurtenbachii	25015
wp	CP124054.1	lanei	lanei	CA-28-91
wp	CP124052.1	lanei	lanei	CA-28-91
wp	CP179529.1	lanei	lanei	CA-28-91
wp	CP124051.1	lanei	lanei	CA-28-91
wp	CP179523.1	lanei	lanei	CA-28-91
wp	CP179522.1	lanei	lanei	CA-28-91
wp	CP179528.1	lanei	lanei	CA-28-91
wp	CP179524.1	lanei	lanei	CA-28-91
wp	CP179526.1	lanei	lanei	CA-28-91
wp	CP179527.1	lanei	lanei	CA-28-91
wp	CP179525.1	lanei	lanei	CA-28-91
wp	CP124053.1	lanei	lanei	CA-28-91
wp	CP132461.1	lusitaniae	lusitaniae	PoHL1
wp	CP132463.1	lusitaniae	lusitaniae	PoHL1
wp	CP179530.1	lusitaniae	lusitaniae	PoHL1
wp	CP132462.1	lusitaniae	lusitaniae	PoHL1
wp	CP179531.1	lusitaniae	lusitaniae	PoHL1
wp	CP179532.1	lusitaniae	lusitaniae	PoHL1
wp	CP132464.1	lusitaniae	lusitaniae	PoHL1
wp	CP124050.1	lusitaniae	lusitaniae	PotiB2
wp	CP124048.1	lusitaniae	lusitaniae	PotiB2
wp	CP179533.1	lusitaniae	lusitaniae	PotiB2
wp	CP124047.1	lusitaniae	lusitaniae	PotiB2
wp	CP179534.1	lusitaniae	lusitaniae	PotiB2
wp	CP179537.1	lusitaniae	lusitaniae	PotiB2
wp	CP179536.1	lusitaniae	lusitaniae	PotiB2
wp	CP124049.1	lusitaniae	lusitaniae	PotiB2
wp	CP179535.1	lusitaniae	lusitaniae	PotiB2
wp	CP132468.1	lusitaniae	lusitaniae	PotiB3
wp	CP132470.1	lusitaniae	lusitaniae	PotiB3
wp	CP179538.1	lusitaniae	lusitaniae	PotiB3
wp	CP132469.1	lusitaniae	lusitaniae	PotiB3
wp	CP179539.1	lusitaniae	lusitaniae	PotiB3
wp	CP179540.1	lusitaniae	lusitaniae	PotiB3
wp	CP179541.1	lusitaniae	lusitaniae	PotiB3
wp	CP179542.1	lusitaniae	lusitaniae	PotiB3
wp	CP132471.1	lusitaniae	lusitaniae	PotiB3
wp	CP124046.1	maritima	maritima	CA690
wp	CP124044.1	maritima	maritima	CA690
wp	CP124043.1	maritima	maritima	CA690
wp	CP179544.1	maritima	maritima	CA690
wp	CP179543.1	maritima	maritima	CA690
wp	CP179546.1	maritima	maritima	CA690
wp	CP179545.1	maritima	maritima	CA690
wp	CP124045.1	maritima	maritima	CA690
wp	CP017631.1	mayonii	mayonii	MN14-1420
wp	CP015796.1	mayonii	mayonii	MN14-1539
wp	CP015962.1	mayonii	mayonii	MN14-1539
wp	CP015803.1	mayonii	mayonii	MN14-1539
wp	CP015804.1	mayonii	mayonii	MN14-1539
wp	CP015797.1	mayonii	mayonii	MN14-1539
wp	CP015805.1	mayonii	mayonii	MN14-1539
wp	CP015806.1	mayonii	mayonii	MN14-1539
wp	CP015807.1	mayonii	mayonii	MN14-1539
wp	CP015798.1	mayonii	mayonii	MN14-1539
wp	CP015799.1	mayonii	mayonii	MN14-1539
wp	CP015800.1	mayonii	mayonii	MN14-1539
wp	CP015801.1	mayonii	mayonii	MN14-1539
wp	CP015802.1	mayonii	mayonii	MN14-1539
wp	CP015808.1	mayonii	mayonii	MN14-1539
wp	CP015809.1	mayonii	mayonii	MN14-1539
wp	CP135180.1	sinica	sinica	CMN3
wp	CP179549.1	sinica	sinica	CMN3
wp	CP135182.1	sinica	sinica	CMN3
wp	CP135181.1	sinica	sinica	CMN3
wp	CP179547.1	sinica	sinica	CMN3
wp	CP179550.1	sinica	sinica	CMN3
wp	CP179554.1	sinica	sinica	CMN3
wp	CP179551.1	sinica	sinica	CMN3
wp	CP179552.1	sinica	sinica	CMN3
wp	CP179553.1	sinica	sinica	CMN3
wp	CP179548.1	sinica	sinica	CMN3
wp	CP135183.1	sinica	sinica	CMN3
wp	CP124042.1	spielmanii	spielmanii	PMew
wp	CP179564.1	spielmanii	spielmanii	PMew
wp	CP124040.1	spielmanii	spielmanii	PMew
wp	CP124039.1	spielmanii	spielmanii	PMew
wp	CP179555.1	spielmanii	spielmanii	PMew
wp	CP179559.1	spielmanii	spielmanii	PMew
wp	CP179556.1	spielmanii	spielmanii	PMew
wp	CP179561.1	spielmanii	spielmanii	PMew
wp	CP179566.1	spielmanii	spielmanii	PMew
wp	CP179562.1	spielmanii	spielmanii	PMew
wp	CP179565.1	spielmanii	spielmanii	PMew
wp	CP179563.1	spielmanii	spielmanii	PMew
wp	CP179560.1	spielmanii	spielmanii	PMew
wp	CP179558.1	spielmanii	spielmanii	PMew
wp	CP179557.1	spielmanii	spielmanii	PMew
wp	CP124041.1	spielmanii	spielmanii	PMew
wp	CP124038.1	tanukii	tanukii	Hk501
wp	CP124036.1	tanukii	tanukii	Hk501
wp	CP124035.1	tanukii	tanukii	Hk501
wp	CP179568.1	tanukii	tanukii	Hk501
wp	CP179569.1	tanukii	tanukii	Hk501
wp	CP179570.1	tanukii	tanukii	Hk501
wp	CP179577.1	tanukii	tanukii	Hk501
wp	CP179576.1	tanukii	tanukii	Hk501
wp	CP179574.1	tanukii	tanukii	Hk501
wp	CP179573.1	tanukii	tanukii	Hk501
wp	CP179571.1	tanukii	tanukii	Hk501
wp	CP179575.1	tanukii	tanukii	Hk501
wp	CP179567.1	tanukii	tanukii	Hk501
wp	CP124037.1	tanukii	tanukii	Hk501
wp	CP179572.1	tanukii	tanukii	Hk501
wp	CP124034.1	tanukii	tanukii	Koshiki4E
wp	CP124032.1	tanukii	tanukii	Koshiki4E
wp	CP179583.1	tanukii	tanukii	Koshiki4E
wp	CP124031.1	tanukii	tanukii	Koshiki4E
wp	CP179579.1	tanukii	tanukii	Koshiki4E
wp	CP179581.1	tanukii	tanukii	Koshiki4E
wp	CP179582.1	tanukii	tanukii	Koshiki4E
wp	CP179587.1	tanukii	tanukii	Koshiki4E
wp	CP179585.1	tanukii	tanukii	Koshiki4E
wp	CP179584.1	tanukii	tanukii	Koshiki4E
wp	CP179586.1	tanukii	tanukii	Koshiki4E
wp	CP179578.1	tanukii	tanukii	Koshiki4E
wp	CP124033.1	tanukii	tanukii	Koshiki4E
wp	CP179580.1	tanukii	tanukii	Koshiki4E
wp	CP124030.1	tanukii	tanukii	TanegashimaAS13
wp	CP124028.1	tanukii	tanukii	TanegashimaAS13
wp	CP179592.1	tanukii	tanukii	TanegashimaAS13
wp	CP124027.1	tanukii	tanukii	TanegashimaAS13
wp	CP179588.1	tanukii	tanukii	TanegashimaAS13
wp	CP179590.1	tanukii	tanukii	TanegashimaAS13
wp	CP179596.1	tanukii	tanukii	TanegashimaAS13
wp	CP179599.1	tanukii	tanukii	TanegashimaAS13
wp	CP179595.1	tanukii	tanukii	TanegashimaAS13
wp	CP179591.1	tanukii	tanukii	TanegashimaAS13
wp	CP179594.1	tanukii	tanukii	TanegashimaAS13
wp	CP179597.1	tanukii	tanukii	TanegashimaAS13
wp	CP179598.1	tanukii	tanukii	TanegashimaAS13
wp	CP179589.1	tanukii	tanukii	TanegashimaAS13
wp	CP124029.1	tanukii	tanukii	TanegashimaAS13
wp	CP179593.1	tanukii	tanukii	TanegashimaAS13
wp	CP124026.1	tanukii	tanukii	TanegashimaAS9
wp	CP124024.1	tanukii	tanukii	TanegashimaAS9
wp	CP124023.1	tanukii	tanukii	TanegashimaAS9
wp	CP179600.1	tanukii	tanukii	TanegashimaAS9
wp	CP179603.1	tanukii	tanukii	TanegashimaAS9
wp	CP179608.1	tanukii	tanukii	TanegashimaAS9
wp	CP179601.1	tanukii	tanukii	TanegashimaAS9
wp	CP179605.1	tanukii	tanukii	TanegashimaAS9
wp	CP179602.1	tanukii	tanukii	TanegashimaAS9
wp	CP179607.1	tanukii	tanukii	TanegashimaAS9
wp	CP179604.1	tanukii	tanukii	TanegashimaAS9
wp	CP124025.1	tanukii	tanukii	TanegashimaAS9
wp	CP179606.1	tanukii	tanukii	TanegashimaAS9
wp	CP124022.1	turdi	turdi	047-3
wp	CP124020.1	turdi	turdi	047-3
wp	CP124019.1	turdi	turdi	047-3
wp	CP179610.1	turdi	turdi	047-3
wp	CP179616.1	turdi	turdi	047-3
wp	CP179609.1	turdi	turdi	047-3
wp	CP179617.1	turdi	turdi	047-3
wp	CP179613.1	turdi	turdi	047-3
wp	CP179618.1	turdi	turdi	047-3
wp	CP179614.1	turdi	turdi	047-3
wp	CP179612.1	turdi	turdi	047-3
wp	CP179611.1	turdi	turdi	047-3
wp	CP179615.1	turdi	turdi	047-3
wp	CP124021.1	turdi	turdi	047-3
wp	CP124018.1	turdi	turdi	Ya501
wp	CP179627.1	turdi	turdi	Ya501
wp	CP124016.1	turdi	turdi	Ya501
wp	CP124015.1	turdi	turdi	Ya501
wp	CP179619.1	turdi	turdi	Ya501
wp	CP179623.1	turdi	turdi	Ya501
wp	CP179625.1	turdi	turdi	Ya501
wp	CP179626.1	turdi	turdi	Ya501
wp	CP179624.1	turdi	turdi	Ya501
wp	CP179622.1	turdi	turdi	Ya501
wp	CP179621.1	turdi	turdi	Ya501
wp	CP179620.1	turdi	turdi	Ya501
wp	CP124017.1	turdi	turdi	Ya501
wp	CP143564.1	valaisiana	valaisiana	100B40
wp	CP143574.1	valaisiana	valaisiana	100B40
wp	CP143573.1	valaisiana	valaisiana	100B40
wp	CP143571.1	valaisiana	valaisiana	100B40
wp	CP143565.1	valaisiana	valaisiana	100B40
wp	CP143570.1	valaisiana	valaisiana	100B40
wp	CP143568.1	valaisiana	valaisiana	100B40
wp	CP143569.1	valaisiana	valaisiana	100B40
wp	CP143567.1	valaisiana	valaisiana	100B40
wp	CP143572.1	valaisiana	valaisiana	100B40
wp	CP143566.1	valaisiana	valaisiana	100B40
wp	CP116874.1	valaisiana	valaisiana	89B13
wp	CP116884.1	valaisiana	valaisiana	89B13
wp	CP116878.1	valaisiana	valaisiana	89B13
wp	CP116882.1	valaisiana	valaisiana	89B13
wp	CP116881.1	valaisiana	valaisiana	89B13
wp	CP116876.1	valaisiana	valaisiana	89B13
wp	CP116877.1	valaisiana	valaisiana	89B13
wp	CP116879.1	valaisiana	valaisiana	89B13
wp	CP116880.1	valaisiana	valaisiana	89B13
wp	CP116883.1	valaisiana	valaisiana	89B13
wp	CP116875.1	valaisiana	valaisiana	89B13
wp	CP124010.1	valaisiana	valaisiana	Am501
wp	CP179641.1	valaisiana	valaisiana	Am501
wp	CP124008.1	valaisiana	valaisiana	Am501
wp	CP179638.1	valaisiana	valaisiana	Am501
wp	CP124007.1	valaisiana	valaisiana	Am501
wp	CP179642.1	valaisiana	valaisiana	Am501
wp	CP179635.1	valaisiana	valaisiana	Am501
wp	CP179637.1	valaisiana	valaisiana	Am501
wp	CP179636.1	valaisiana	valaisiana	Am501
wp	CP179634.1	valaisiana	valaisiana	Am501
wp	CP179639.1	valaisiana	valaisiana	Am501
wp	CP179640.1	valaisiana	valaisiana	Am501
wp	CP124009.1	valaisiana	valaisiana	Am501
wp	CP124006.1	yangtzensis	yangtzensis	Miyako4E
wp	CP124004.1	yangtzensis	yangtzensis	Miyako4E
wp	CP179647.1	yangtzensis	yangtzensis	Miyako4E
wp	CP124003.1	yangtzensis	yangtzensis	Miyako4E
wp	CP179644.1	yangtzensis	yangtzensis	Miyako4E
wp	CP179654.1	yangtzensis	yangtzensis	Miyako4E
wp	CP179646.1	yangtzensis	yangtzensis	Miyako4E
wp	CP179645.1	yangtzensis	yangtzensis	Miyako4E
wp	CP179650.1	yangtzensis	yangtzensis	Miyako4E
wp	CP179653.1	yangtzensis	yangtzensis	Miyako4E
wp	CP179648.1	yangtzensis	yangtzensis	Miyako4E
wp	CP179649.1	yangtzensis	yangtzensis	Miyako4E
wp	CP179651.1	yangtzensis	yangtzensis	Miyako4E
wp	CP179652.1	yangtzensis	yangtzensis	Miyako4E
wp	CP179643.1	yangtzensis	yangtzensis	Miyako4E
wp	CP124005.1	yangtzensis	yangtzensis	Miyako4E
wp	CP124002.1	yangtzensis	yangtzensis	Okinawa-CW61
wp	CP179668.1	yangtzensis	yangtzensis	Okinawa-CW61
wp	CP124000.1	yangtzensis	yangtzensis	Okinawa-CW61
wp	CP179663.1	yangtzensis	yangtzensis	Okinawa-CW61
wp	CP123999.1	yangtzensis	yangtzensis	Okinawa-CW61
wp	CP179666.1	yangtzensis	yangtzensis	Okinawa-CW61
wp	CP179656.1	yangtzensis	yangtzensis	Okinawa-CW61
wp	CP179659.1	yangtzensis	yangtzensis	Okinawa-CW61
wp	CP179662.1	yangtzensis	yangtzensis	Okinawa-CW61
wp	CP179664.1	yangtzensis	yangtzensis	Okinawa-CW61
wp	CP179661.1	yangtzensis	yangtzensis	Okinawa-CW61
wp	CP179665.1	yangtzensis	yangtzensis	Okinawa-CW61
wp	CP179669.1	yangtzensis	yangtzensis	Okinawa-CW61
wp	CP179657.1	yangtzensis	yangtzensis	Okinawa-CW61
wp	CP179660.1	yangtzensis	yangtzensis	Okinawa-CW61
wp	CP179655.1	yangtzensis	yangtzensis	Okinawa-CW61
wp	CP124001.1	yangtzensis	yangtzensis	Okinawa-CW61
wp	CP179667.1	yangtzensis	yangtzensis	Okinawa-CW61
wp	CP123998.1	yangtzensis	yangtzensis	Okinawa-CW62
wp	CP123996.1	yangtzensis	yangtzensis	Okinawa-CW62
wp	CP123995.1	yangtzensis	yangtzensis	Okinawa-CW62
wp	CP123997.1	yangtzensis	yangtzensis	Okinawa-CW62
pf32	B12_B31_cp26_ParA_X	burgdorferi	burgdorferi	
pf32	P32_B31_cp32-1_ParA_X	burgdorferi	burgdorferi	
pf32	S35_B31_cp32-3_ParA_X	burgdorferi	burgdorferi	
pf32	M32_B31_cp32-6_ParA_X	burgdorferi	burgdorferi	
pf32	O32_B31_cp32-7_ParA_X	burgdorferi	burgdorferi	
pf32	L32_B31_cp32-8_ParA_X	burgdorferi	burgdorferi	
pf32	N32_B31_cp32-9_ParA_X	burgdorferi	burgdorferi	
pf32	U05_B31_lp21_ParA_X	burgdorferi	burgdorferi	
pf32	F24_B31_lp28-1_ParA_X	burgdorferi	burgdorferi	
pf32	H28_B31_lp28-3_ParA_X	burgdorferi	burgdorferi	
pf32	I21_B31_lp28-4_ParA_X	burgdorferi	burgdorferi	
pf32	K21_B31_lp36_ParA_X	burgdorferi	burgdorferi	
pf32	J17_B31_lp38_ParA_X	burgdorferi	burgdorferi	
pf32	J18_B31_lp38_ParA_X	burgdorferi	burgdorferi	
pf32	A20_B31_lp54_ParA_X	burgdorferi	burgdorferi	
pf32	Q08_B31_lp56_ParA_X	burgdorferi	burgdorferi	
pf32	RS00680_MM1_plsm_cp26_ParA_X	burgdorferi	burgdorferi	MM1
pf32	RS02205_MM1_plsm_cp32-4_ParA_X	burgdorferi	burgdorferi	MM1
pf32	RS01520_MM1_plsm_cp32-6_ParA_X	burgdorferi	burgdorferi	MM1
pf32	RS01730_MM1_plsm_cp32-9_ParA_X	burgdorferi	burgdorferi	MM1
pf32	RS00875_MM1_plsm_lp17_ParA_X	burgdorferi	burgdorferi	MM1
pf32	RS210_MM1_plsm_lp28-8_ParA_X	burgdorferi	burgdorferi	MM1
pf32	RS01335_MM1_plsm_lp36_ParA_X	burgdorferi	burgdorferi	MM1
pf32	RS06300_JD1_JD1_cp26_ParA_X	burgdorferi	burgdorferi	JD1
pf32	RS01295_JD1_JD1_cp32-1+5_ParA_X	burgdorferi	burgdorferi	JD1
pf32	RS00880_JD1_JD1_cp32-11_ParA_X	burgdorferi	burgdorferi	JD1
pf32	RS07125_JD1_JD1_cp32-12_ParA_X	burgdorferi	burgdorferi	JD1
pf32	RS01500_JD1_JD1_cp32-8_ParA_X	burgdorferi	burgdorferi	JD1
pf32	RS00670_JD1_JD1_lp25_ParA_X	burgdorferi	burgdorferi	JD1
pf32	RS00365_JD1_JD1_lp28-1_ParA_X	burgdorferi	burgdorferi	JD1
pf32	RS06415_JD1_JD1_lp28-5_ParA_X	burgdorferi	burgdorferi	JD1
pf32	RS07610_JD1_JD1_lp28-6_ParA_X	burgdorferi	burgdorferi	JD1
pf32	RS06620_JD1_JD1_lp28-7_ParA_X	burgdorferi	burgdorferi	JD1
pf32	RS07790_JD1_JD1_lp38_ParA_X	burgdorferi	burgdorferi	JD1
pf32	RS01165_B31_NRZ_p_cp32-4_ParA_X	burgdorferi	burgdorferi	B31_NRZ
pf32	RS00580_ZS7_ZS7_cp32-12_ParA_X	burgdorferi	burgdorferi	ZS7
pf32	RS01095_ZS7_ZS7_cp32-3+10_ParA_X	burgdorferi	burgdorferi	ZS7
pf32	RS00040_ZS7_ZS7_lp25_ParA_X	burgdorferi	burgdorferi	ZS7
pf32	RS06245_ZS7_ZS7_lp28-2_ParA_X	burgdorferi	burgdorferi	ZS7
pf32	RS05930_ZS7_ZS7_lp28-4_ParA_X	burgdorferi	burgdorferi	ZS7
pf32	RS04350_B331_B331_cp26_ParA_X	burgdorferi	burgdorferi	B331
pf32	RS04790_B331_B331_cp32_10_ParA_X	burgdorferi	burgdorferi	B331
pf32	RS05205_B331_B331_cp32_4_ParA_X	burgdorferi	burgdorferi	B331
pf32	RS06425_B331_B331_lp28_6_ParA_X	burgdorferi	burgdorferi	B331
pf32	RS06690_B331_B331_lp38_ParA_X	burgdorferi	burgdorferi	B331
pf32	RS07175_B331_B331_lp56_ParA_X	burgdorferi	burgdorferi	B331
pf32	RS06135_N40_N40_cp26_ParA_X	burgdorferi	burgdorferi	N40
pf32	RS06365_N40_N40_cp32-10_ParA_X	burgdorferi	burgdorferi	N40
pf32	RS06035_N40_N40_cp32-12_ParA_X	burgdorferi	burgdorferi	N40
pf32	RS06485_N40_N40_lp17_ParA_X	burgdorferi	burgdorferi	N40
pf32	RS05185_N40_N40_lp28-2_ParA_X	burgdorferi	burgdorferi	N40
pf32	RS05390_N40_N40_lp28-5_ParA_X	burgdorferi	burgdorferi	N40
pf32	RS05780_N40_N40_lp38_ParA_X	burgdorferi	burgdorferi	N40
pf32	RS06760_Bol26_Bol26_lp28-3_ParA_X	burgdorferi	burgdorferi	Bol26
pf32	RS05395_Bol26_Bol26_lp28-9_ParA_X	burgdorferi	burgdorferi	Bol26
pf32	RS05455_72a_72a_cp26_ParA_X	burgdorferi	burgdorferi	72a
pf32	RS06370_72a_72a_cp32-1_ParA_X	burgdorferi	burgdorferi	72a
pf32	RS06010_72a_72a_cp32-10_ParA_X	burgdorferi	burgdorferi	72a
pf32	RS04795_72a_72a_cp32-13_ParA_X	burgdorferi	burgdorferi	72a
pf32	RS05610_72a_72a_cp32-5_ParA_X	burgdorferi	burgdorferi	72a
pf32	RS05790_72a_72a_lp32-3_ParA_X	burgdorferi	burgdorferi	72a
pf32	RS05810_94a_94a_cp32-10_ParA_X	burgdorferi	burgdorferi	94a
pf32	RS04000_94a_94a_lp56_ParA_X	burgdorferi	burgdorferi	94a
pf32	RS06160_118a_118a_cp32-5_ParA_X	burgdorferi	burgdorferi	118a
pf32	RS05165_118a_118a_cp32-6_ParA_X	burgdorferi	burgdorferi	118a
pf32	RS04445_118a_118a_cp32-8_ParA_X	burgdorferi	burgdorferi	118a
pf32	RS05285_CA-11.2A_CA-11.2A_cp32-10_ParA_X	burgdorferi	burgdorferi	CA-11.2A
pf32	RS06375_CA-11.2A_CA-11.2A_cp32-3_ParA_X	burgdorferi	burgdorferi	CA-11.2A
pf32	RS05970_CA-11.2A_CA-11.2A_lp36-28-4_ParA_X	burgdorferi	burgdorferi	CA-11.2A
pf32	RS04670_CA-11.2A_CA-11.2A_lp56_ParA_X	burgdorferi	burgdorferi	CA-11.2A
pf32	RS06040_WI91-23_WI91-23_cp32-11_ParA_X	burgdorferi	burgdorferi	WI91-23
pf32	RS06275_WI91-23_WI91-23_cp32-5_ParA_X	burgdorferi	burgdorferi	WI91-23
pf32	RS06670_WI91-23_WI91-23_lp28-1_ParA_X	burgdorferi	burgdorferi	WI91-23
pf32	RS03755_WI91-23_WI91-23_lp56_ParA_X	burgdorferi	burgdorferi	WI91-23
pf32	RS04200_WI91-23_WI91-23_lp56_ParA_X	burgdorferi	burgdorferi	WI91-23
pf32	RS01390_WI91-23_WI91-23_lp56_ParA_X	burgdorferi	burgdorferi	WI91-23
pf32	RS00875_WI91-23_WI91-23_lp56_ParA_X	burgdorferi	burgdorferi	WI91-23
pf32	RS05220_29805_29805_cp26_ParA_X	burgdorferi	burgdorferi	29805
pf32	RS06545_29805_29805_cp32-7_ParA_X	burgdorferi	burgdorferi	29805
pf32	RS05540_29805_29805_lp25_ParA_X	burgdorferi	burgdorferi	29805
pf32	RS04755_29805_29805_lp28-3_ParA_X	burgdorferi	burgdorferi	29805
pf32	RS06330_29805_29805_lp36_ParA_X	burgdorferi	burgdorferi	29805
pf32	RS04825_29805_29805_lp38_ParA_X	burgdorferi	burgdorferi	29805
pf32	RS04285_29805_29805_lp54_ParA_X	burgdorferi	burgdorferi	29805
pf32	RS03465_29805_29805_lp54_ParA_X	burgdorferi	burgdorferi	29805
pf32	RS00395_29805_29805_lp54_ParA_X	burgdorferi	burgdorferi	29805
pf32	HO14_NovelPFam32_DatabaseShortContig_ParA_X	japonica	japonica	
pf32	PotiB2_lp32-3#2_ParA_X	lusitaniae	lusitaniae	PotiB2
pf32	MOD5_untig_175_lp28-14_ParA_X	andersonii	andersonii	MOD5
pf32	Y501_unitig_7_lp28-13_ParA_X	turdi	turdi	Y501
pf32	Y501_unitig_2_lp28-12_ParA_X	turdi	turdi	Y501
pf32	CA_28_91_lp28-8_ParA_X	lanei	lanei	CA_28_91
pf32	DN127_cp9_ParA_X	bissettiae	bissettiae	DN127
pf32	297_cp32-12_ParA_X	burgdorferi	burgdorferi	297
pf32	NE_5261_chromosome_ParA_2	burgdorferi	burgdorferi	NE5261
pf32	NE_5261_chromosome_ParA_4	burgdorferi	burgdorferi	NE5261
pf32	B500_chromosome_ParA_2	burgdorferi	burgdorferi	B500
pf32	B379_chromosome_ParA_1	burgdorferi	burgdorferi	B379
pf32	B379_chromosome_ParA_2	burgdorferi	burgdorferi	B379
pf32	B379_chromosome_ParA_4	burgdorferi	burgdorferi	B379
pf32	B379_chromosome_ParA_5	burgdorferi	burgdorferi	B379
pf32	80a_chromosome_ParA_2	burgdorferi	burgdorferi	80a
pf32	NE_5248_chromosome_ParA_3	burgdorferi	burgdorferi	NE_5248
pf32	NE_5261_cp26_ParA_1	burgdorferi	burgdorferi	NE_5261
pf32	JD1_cp26_ParA_1	burgdorferi	burgdorferi	JD1
pf32	MM1_cp26_ParA_1	burgdorferi	burgdorferi	MM1
pf32	WI91-23_cp26_ParA_1	burgdorferi	burgdorferi	WI91-23
pf32	B379_cp26_ParA_1	burgdorferi	burgdorferi	B379
pf32	80a_cp26_ParA_1	burgdorferi	burgdorferi	80a
pf32	156a_cp26_ParA_1	burgdorferi	burgdorferi	156a
pf32	94a_cp26_ParA_1	burgdorferi	burgdorferi	94a
pf32	N40_cp26_ParA_1	burgdorferi	burgdorferi	N40
pf32	B500_cp32-11_ParA_1	burgdorferi	burgdorferi	B500
pf32	MM1_cp32-1_ParA_1	burgdorferi	burgdorferi	MM1
pf32	B379_cp32-2_ParA_1	burgdorferi	burgdorferi	B379
pf32	B500_cp32-5_ParA_1	burgdorferi	burgdorferi	B500
pf32	B408_lp25_ParA_2	burgdorferi	burgdorferi	B408
pf32	B379_lp28-5_ParA_1	burgdorferi	burgdorferi	B379
pf32	B500_lp56_ParA_1	burgdorferi	burgdorferi	B500
pf32	PKo_cp32-11_ParA_AEL70117.1	afzelii	afzelii	Pko
pf32	PKo_cp32-12_ParA_AEL70159.1	afzelii	afzelii	Pko
pf32	PKo_cp32-5_ParA_AEL70284.1	afzelii	afzelii	Pko
pf32	PKo_lp28-2_ParA_AEL70405.1	afzelii	afzelii	Pko
pf32	PKo_lp28-7_ParA_AEL70485.1	afzelii	afzelii	Pko
pf32	PKo_lp28-8_ParA_AEL70524.1	afzelii	afzelii	Pko
